names,url,image,description
Hammurabi,https://en.wikipedia.org/wiki/Hammurabi,https://en.wikipedia.org/wiki/File:F0182_Louvre_Code_Hammourabi_Bas-relief_Sb8_rwk.jpg,"Reign : c. 1792 – c. 1750 BC (MC), Predecessor : Sin-Muballit, Successor : Samsu-iluna, Born : c. 1810 BCBabylon, Died : c. 1750 BC (aged 59–60)Babylon, Issue : Samsu-iluna, "
Hatshepsut,https://en.wikipedia.org/wiki/Hatshepsut,https://en.wikipedia.org/wiki/File:Seated_Statue_of_Hatshepsut_MET_Hatshepsut2012.jpg,"Reign : c. 1478/9 – 1458 BC, Predecessor : Thutmose II, Successor : Thutmose III, 
Horus name : Royal titulary

Horus name

Weseret kauwsrt-kꜢwPowerful of kas[1] 




    






      






 




 


Nebty name

Wadjet renputwꜢḏt-rnpwtFlourishing of years[1] 




    




    










 


Golden Horus

Netjeret khaunṯrt-ḫꜤwDivine of appearances[1] 




    




     









 


Prenomen  (Praenomen)

Maat ka remꜢꜤt kꜢ rꜤThe true one of the ka of Re[1]Truth (Ma'at) is the Ka of Re 

    




 





    






 




 


Nomen

Khenemet imun, hat shepsutimn ẖnmt ḥꜢt špswtUnited with Amun, foremost of noble women[1] 

      




 





        






 




 

, Consort : Thutmose II, Children : Neferure[2], Father : Thutmose I, Mother : Ahmose, Born : c. 1507 BC[3], Died : 1458 BC (aged 50), Burial : KV20 (possibly re-interred in KV60[4]), Monuments : Temple of Karnak, Mortuary Temple of Hatshepsut, Speos Artemidos Chapelle Rouge, Dynasty : 18th Dynasty, "
Ramesses II,https://en.wikipedia.org/wiki/Ramesses_II,https://en.wikipedia.org/wiki/File:Ramses_II_British_Museum.jpg,"Reign : 1279–1213 BC, Predecessor : Seti I, Successor : Merneptah, 
Horus name : Royal titulary

Horus name

Ka nakht, Mery maat[1]""The strong bull, beloved of right (truth)"" [2] 




    






     






 




 


Nebty name

Mek kemet, waf khasut[1]""Protector of Egypt who curbs foreign lands"" [2] 




    




          










 


Golden Horus

User renput, aa nakhtu[1]""Rich in years – great in victories"" [2] 




    




     









 


Prenomen  (Praenomen)

User maat Re, setep en Re[1]""The justice of Rê is powerful – chosen of Rê"" [3] 

    




 





      






 




 


Nomen

Ra mes su, mery Amun[1]""Ramesses (Re is the one who bore him),[1] beloved of Amun"" [3] 

      




 





      






 




 

, Consorts : Nefertari, Isetnofret, Maathorneferure, Meritamen, Bintanath, Nebettawy, Henutmire, Children : 88–103 (List of children of Ramesses II), Father : Seti I, Mother : Tuya, Born : c. 1303 BC, Died : c. 1213 BC (aged 90–91), Burial : KV7, Monuments : Abu Simbel, Abydos,[4] Ramesseum, Luxor,[5] Karnak[5], Dynasty : 19th Dynasty, "
Cyrus the Great,https://en.wikipedia.org/wiki/Cyrus_the_Great,https://en.wikipedia.org/wiki/File:Cyrus_II_(The_Great).jpg,"Reign : 559–530 BC, Predecessor : Empire established, Successor : Cambyses II, Reign : 559–530 BC, Predecessor : Cambyses I, Successor : Cambyses II, Reign : 549–530 BC, Predecessor : Astyages, Successor : Cambyses II, Reign : 547–530 BC, Predecessor : Croesus, Successor : Cambyses II, Reign : 539–530 BC, Predecessor : Nabonidus, Successor : Cambyses II, Born : c. 600 BC[2]Anshan, Persis (present-day Fars Province, Iran), Died : 4 December 530 BC[3] (aged 70)Syr Darya, Central Asia, Burial : Pasargadae, Consort : Cassandane, Amytis of Media, Issue : 
Cambyses II
Bardiya
Artystone
Atossa
Roxane[3]
, House : Teispid, Father : Cambyses I, Mother : Mandane of Media, "
Alexander the Great,https://en.wikipedia.org/wiki/Alexander_the_Great,https://en.wikipedia.org/wiki/File:Alexander_the_Great_mosaic_(cropped).jpg,"Reign : 336–323 BC, Predecessor : Philip II, Successor : 
Alexander IV
Philip III
, Reign : 336–323 BC, Predecessor : Philip II, Successor : Demetrius Poliorcetes, Reign : 332–323 BC, Predecessor : Darius III, Successor : 
Alexander IV
Philip III
Royal titulary

Prenomen  (Praenomen)

stp.n-rꜤ mrj-jmnSetepenre meryamunChosen by Ra, beloved by Amun

    




 





     






 






    




 





     






 







Nomen

ꜤlwksjndrsAluksindresAlexandros 

      




 





      






 




 


Horus name

mk-kmtMekemetProtector of Egypt 




    






     






 




Second Horus name:ḥḳꜢ-ḳnj tkn-ḫꜢswtHeqaqeni tekenkhasutThe brave ruler who has attacked foreign lands 




    






       






 




Third Horus name:ḥḳꜢ ḥḳꜢw nw tꜢ (r) ḏr-fHeqa heqau nu ta (er) djerefThe ruler of the rulers of the entire land 




    






      






 




Fourth Horus name:ṯmꜢ-ꜤTjema'aThe sturdy-armed one 




    






     






 







Nebty name

mꜢj wr-pḥty jṯ ḏww tꜢw ḫꜢswtMai werpehty itj dju tau khasutThe lion, great of might, who takes possession of mountains, lands, and deserts 




    




         










 


Golden Horus

kꜢ (nḫt) ḫwj bꜢḳ(t) ḥḳꜢ wꜢḏ(-wr) šnw n jtnKa (nakht) khui baq(et) heqa wadj(wer) shenu en AtenThe (strong) bull who protects Egypt, the ruler of the sea and of what the sun encircles 




    




             









 

, Reign : 330–323 BC, Predecessor : Darius III, Successor : 
Alexander IV
Philip III
, Born : 20 or 21 July 356 BCPella, Macedon, Died : 10 or 11 June 323 BC (aged 32)Babylon, Mesopotamia, Spouse : 
Roxana
Stateira
Parysatis
, Issue : 
Alexander IV
Heracles (alleged illegitimate son)
, Names : NamesAlexander III of Macedon, Lord of Asia, Greek : Ἀλέξανδρος[d], Dynasty : Argead, Father : Philip II of Macedon, Mother : Olympias of Epirus, Religion : Ancient Greek religion, "
Ashoka,https://en.wikipedia.org/wiki/Ashoka,https://en.wikipedia.org/wiki/File:Ashoka%27s_visit_to_the_Ramagrama_stupa_Sanchi_Stupa_1_Southern_gateway.jpg,
Qin Shi Huang,https://en.wikipedia.org/wiki/Qin_Shi_Huang,https://en.wikipedia.org/wiki/File:QinShiHuang19century.jpg,
Julius Caesar,https://en.wikipedia.org/wiki/Julius_Caesar,https://en.wikipedia.org/wiki/File:Retrato_de_Julio_C%C3%A9sar_(26724093101)_(cropped).jpg,"Born : 12 July 100 BC[1]Suburra, Italy, Died : 15 March 44 BC (aged 55)Theatre of Pompey, Rome, Cause of death : Assassination (stab wounds), Resting place : Temple of Caesar, Rome41°53′31″N 12°29′10″E﻿ / ﻿41.891943°N 12.486246°E﻿ / 41.891943; 12.486246, Occupations : Politiciansoldier, Notable work : Bellum GallicumBellum Civile, Office : 
Pontifex maximus (64–44 BC)
Consul (59 BC)
Proconsul (Gaul, Illyricum) (58–49 BC)
Dictator (49–44 BC)
Consul (48, 46–44 BC)
Dictator perpetuo (44 BC)[2]
, Spouses : Cossutia (disputed)Cornelia(m. 84 BC; d. 69 BC)Pompeia(m. 67 BC; div. 61 BC)Calpurnia(m. 59 BC), Partner : Cleopatra, Children : JuliaCaesarion (unacknowledged)Augustus (adoptive), Parents : Gaius Julius CaesarAurelia, Awards : Civic Crown, Years of service : 81–45 BC, Battles/wars : 
Siege of Mytilene
Gallic Wars
Invasions of Britain
Caesar's civil war
Alexandrian war
, "
Augustus,https://en.wikipedia.org/wiki/Augustus,https://en.wikipedia.org/wiki/File:Augustus_of_Prima_Porta_(inv._2290).jpg,"Reign : 16 January 27 BC – 19 August AD 14, Successor : Tiberius, Born : Gaius Octavius23 September 63 BCRome, Italy, Roman Republic, Died : 19 August AD 14 (aged 76)Nola, Italy, Roman Empire, Burial : Mausoleum of Augustus, Rome, Spouses : Claudia(m. 42 BC; div. 40 BC)Scribonia(m. 40 BC; div. 38 BC)Livia(m. 37 BC), Issue : Julia the ElderGaius Caesar (adopted)Lucius Caesar (adopted)Agrippa Postumus (adopted)Tiberius (adopted), Regnal name : Regnal nameImperator Caesar Augustus, Dynasty : Julio-Claudian, Father : Gaius OctaviusJulius Caesar (adoptive), Mother : Atia, Occupation : Consul (43, 33, 31–23, 5, 2 BC)Triumvir (43–27 BC)Pontifex Maximus (from 12 BC), "
Charlemagne,https://en.wikipedia.org/wiki/Charlemagne,https://en.wikipedia.org/wiki/File:Charlemagne_denier_Mayence_812_814.jpg,
Genghis Khan,https://en.wikipedia.org/wiki/Genghis_Khan,https://en.wikipedia.org/wiki/File:YuanEmperorAlbumGenghisPortrait.jpg,"Reign : Spring 1206 – 25 August 1227, Successor : Tolui (as regent)Ögedei Khan, Born : Temüjinc. 1162Khentii Mountains, Khamag Mongol, Died : (1227-08-25)25 August 1227[1]Xingqing, Western Xia, Burial : Unknown (see Burial place of Genghis Khan), Spouse : 
Börte
Khulan Khatun
Yesugen Khatun
Yesulun Khatun
Ibaqa Khatun
Möge Khatun
, Issue : 
Jochi
Chagatai
Ögedei
Alakhai Bekhi
Tolui
others
, Names : NamesMongol script: ᠴᠢᠩᠭᠢᠰ ᠬᠠᠭᠠᠨ Chinggis Khagansee #Name and titlePosthumous nameEmperor Fatian Qiyun Shengwu (法天啟運聖武皇帝)Temple nameTaizu (太祖), Dynasty : Borjigin, Father : Yesügei, Mother : Hoelun, Religion : Tengrism, "
Mansa Musa,https://en.wikipedia.org/wiki/Mansa_Musa,https://en.wikipedia.org/wiki/File:Catalan_Atlas_BNF_Sheet_6_Mansa_Musa_(cropped).jpg,"Reign : c.1312– c.1337 (c. 25 years), Predecessor : Muhammad[2], Successor : Magha, Born : 13th centuryMali Empire, Died : c. 1337Mali Empire, Spouse : Inari Kunate, House : Keita dynasty, Religion : Islam, "
Joan of Arc,https://en.wikipedia.org/wiki/Joan_of_Arc,https://en.wikipedia.org/wiki/File:Joan_of_Arc_miniature_graded.jpg,"Born : c. 1412Domrémy, Duchy of Bar, Kingdom of France, Died : 30 May 1431 (aged c. 19)Rouen, Normandy (then under English rule), Venerated in : Roman Catholic ChurchAnglican Communion[2], Beatified : 18 April 1909 by Pope Pius X, Canonized : 16 May 1920 by Pope Benedict XV, Feast : 30 May, Patronage : France, "
Suleiman the Magnificent,https://en.wikipedia.org/wiki/Suleiman_the_Magnificent,https://en.wikipedia.org/wiki/File:EmperorSuleiman.jpg,"Reign : 30 September 1520 – 6 September 1566, Sword girding : 30 September 1520, Predecessor : Selim I, Successor : Selim II, Born : 6 November 1494[2]: 541 Trabzon, Ottoman Empire, Died : 6 September 1566(1566-09-06) (aged 71)[2]: 545 Szigetvár, Kingdom of Hungary, Habsburg monarchy, Burial : Organs buried at Turbék, Szigetvár, HungaryBody buried at Süleymaniye Mosque, Istanbul, Turkey, Spouse : 

Hürrem Sultan (Roxelana)
​ ​(m. 1533; died 1558)​
 legal wifeMahidevran Hatun (1514; sep 1553) concubine, Issue : 
Şehzade Mahmud
Şehzade Mustafa
Raziye Sultan
Şehzade Murad
Şehzade Mehmed
Mihrimah Sultan
Selim II
Şehzade Abdullah
Şehzade Bayezid
Şehzade Cihangir
, Names : NamesSüleyman Şah bin Selim Şah Han[3], Dynasty : Ottoman, Father : Selim I, Mother : Hafsa Sultan, Religion : Sunni Islam, Tughra : , "
Akbar,https://en.wikipedia.org/wiki/Akbar,"https://en.wikipedia.org/wiki/File:Govardhan._Akbar_With_Lion_and_Calf_ca._1630,_Metmuseum_(cropped).jpg","Reign : 11 February 1556 – 27 October 1605[2][3], Coronation : 14 February 1556[2], Predecessor : Humayun, Successor : Jahangir, Regent : Bairam Khan (1556–1560)[4], Born : Jalal-ud-din Muhammad Akbar15 October 1542[a]Amarkot, Rajputana (present-day Umerkot, Sindh, Pakistan), Died : 27 October 1605(1605-10-27) (aged 63)Fatehpur Sikri, Agra, Mughal Empire (present-day Uttar Pradesh, India), Burial : November 1605Akbar's Tomb, Sikandra, Agra, Consorts : 
Ruqaiya Sultan Begum
​ ​(m. 1556)​[5]
Salima Sultan Begum ​(m. 1561)​
Mariam-uz-Zamani ​(m. 1562)​[6] [7][8], Wives : 
Raj Kunwari ​(m. 1570)​
Nathi Bai ​(m. 1570)​
Bhakkari Begum ​(m. 1572)​
Qasima Banu Begum ​(m. 1575)​Gauhar-un-Nissa BegumBibi Daulat ShadRukmavatiseveral others, IssueDetail : Hassan MirzaHussain MirzaJahangirShahzada KhanamMurad MirzaShakr-un-Nissa BegumDaniyal MirzaAram Banu Begum, Names : NamesAbu'l-Fath Jalal-ud-din Muhammad Akbar[9]Posthumous nameArsh-Ashyani (lit. 'One who nests on the divine throne'), House : House of Babur, Dynasty : Timurid dynasty, Father : Humayun, Mother : Hamida Banu Begum, Religion : Sunni Islam[10][11]  Din-e-Illahi, "
Elizabeth I,https://en.wikipedia.org/wiki/Elizabeth_I,https://en.wikipedia.org/wiki/File:Darnley_stage_3.jpg,"Reign : 17 November 1558 – 24 March 1603, Coronation : 15 January 1559, Predecessor : Mary I, Successor : James I, Born : 7 September 1533Palace of Placentia, Greenwich, England, Died : 24 March 1603 (aged 69)Richmond Palace, Surrey, England, Burial : 28 April 1603Westminster Abbey, House : Tudor, Father : Henry VIII, Mother : Anne Boleyn, Religion : Protestant, Signature : , "
Catherine the Great,https://en.wikipedia.org/wiki/Catherine_the_Great,https://en.wikipedia.org/wiki/File:Portrait_of_Empress_Catherine_II_(cropped)(b).jpg,"Reign : 9 July 1762 – 17 November 1796, Coronation : 9 July 1762, Predecessor : Peter III, Successor : Paul I, Tenure : 22 September 1745 - 17 November 1796, Born : Princess Sophie of Anhalt-Zerbst2 May [O.S. 21 April] 1729Stettin, Pomerania, Prussia, Holy Roman Empire(now Szczecin, Poland), Died : 17 November [O.S. 6 November] 1796 (aged 67)Winter Palace, Saint Petersburg, Russian Empire, Burial : Saints Peter and Paul Cathedral, Saint Petersburg, Spouse : 
Peter III of Russia
​ ​(m. 1745; died 1762)​, Issueamong others... : 
Paul I
Grand Duchess Anna Petrovna
Alexei, Count Bobrinsky
, Names : NamesGerman: Sophie Friederike AugusteRussian: Екатерина Алексеевна Романова, romanized: Yekaterina Alekseyevna RomanovaEnglish: Catherine Alexeievna Romanova, House : 
Holstein-Gottorp-Romanov (by marriage)
Ascania (by birth)
, Father : Christian August, Prince of Anhalt-Zerbst, Mother : Joanna Elisabeth of Holstein-Gottorp, Religion : 
Russian Orthodox (1744–1796)
prev. Lutheran (1729–1744)
, Signature : , "
George Washington,https://en.wikipedia.org/wiki/George_Washington,https://en.wikipedia.org/wiki/File:Gilbert_Stuart_Williamstown_Portrait_of_George_Washington.jpg,"Vice President : John Adams, Preceded by : Office established, Succeeded by : John Adams, President : John Adams, Preceded by : James Wilkinson, Succeeded by : Alexander Hamilton, Appointed by : Continental Congress, Preceded by : Office established, Succeeded by : Henry Knox (as Senior Officer), President : James Madison, Preceded by : Richard Terrick (1776), Succeeded by : John Tyler (1859), Preceded by : Office established, Succeeded by : Thomas Jefferson, Preceded by : Hugh West[6][7], Succeeded by : Office abolished, Constituency : 
Frederick County (1758–1765)
Fairfax County (1765–1775)[5]
, Born : February 22, 1732 [O.S. February 11, 1731]Popes Creek, Virginia Colony, British America, Died : December 14, 1799(1799-12-14) (aged 67)Mount Vernon, Virginia, U.S., Resting place : Mount Vernon, Virginia38°42′28.4″N 77°05′09.9″W﻿ / ﻿38.707889°N 77.086083°W﻿ / 38.707889; -77.086083, Political party : Independent, Spouse : 
Martha Dandridge ​(m. 1759)​, Parents : 
Augustine Washington
Mary Ball Washington
, Relatives : Washington family, Occupation : Plantermilitary officerstatesmansurveyor, Awards : 
Congressional Gold Medal
Thanks of Congress[8]
, Signature : , Allegiance : 
Great Britain
United States
, Branch/service : 
Virginia Militia
Continental Army
United States Army
, Years of service : 
1752–1758 (Virginia Militia)
1775–1783 (Continental Army)
1798–1799 (U.S. Army)
, Rank : 
Colonel (1st Virginia Regiment)
Colonel (Virginia Militia)
General and Commander in Chief (Continental Army)
Lieutenant General (U.S. Army)
General of the Armies (promoted posthumously in 1976 by Congress)
, Commands : 
Virginia Regiment
Continental Army
United States Army
, Battles/wars : 
French and Indian War
Battle of Jumonville Glen
Battle of Fort Necessity
Braddock Expedition
Battle of the Monongahela
Forbes Expedition
American Revolutionary War
Boston campaign
New York and New Jersey campaign
Philadelphia campaign
Yorktown campaign
Northwest Indian War
Whiskey Rebellion
, "
Napoleon,https://en.wikipedia.org/wiki/Napoleon,https://en.wikipedia.org/wiki/File:Jacques-Louis_David_-_The_Emperor_Napoleon_in_His_Study_at_the_Tuileries_-_Google_Art_Project.jpg,"1st reign : 18 May 1804 – 6 April 1814, Coronation : 2 December 1804Notre-Dame Cathedral, Predecessor : Louis XVII (disputed) or Louis XVI (as King of France), Successor : Louis XVIII (as King of France), 2nd reign : 20 March 1815 – 22 June 1815, Predecessor : Louis XVIII, Successor : Napoleon II (disputed) or Louis XVIII, Reign : 17 March 1805 – 11 April 1814, Coronation : 26 May 1805Milan Cathedral, Predecessor : Charles V (1558), Successor : Victor Emmanuel II (1861), Reign : 11 April 1814 – 20 March 1815, Reign : 6 May – 6 June 1808, Predecessor : Ferdinand VII, Successor : Joseph I, Co-Consuls : 
Jean-Jacques-Régis de Cambacérès
Charles-François Lebrun
, Co-Consuls : 
Emmanuel Joseph Sieyès
Roger Ducos
, Vice President : Francesco Melzi d'Eril, Prince-Primates : 
Karl von Dalberg
Eugène de Beauharnais
, Born : Napoleone Buonaparte[1](1769-08-15)15 August 1769Ajaccio, Corsica, Kingdom of France, Died : 5 May 1821(1821-05-05) (aged 51)Longwood, Saint Helena, Burial : 15 December 1840Les Invalides, Paris, France, Spouses : 

Joséphine de Beauharnais
​ ​(m. 1796; ann. 1810)​

Marie Louise of Austria
​ ​(m. 1810; sep. 1814)​
, IssueDetail : 
Napoleon II
Charles, Count Léon
Alexandre, Count Colonna-Walewski
, Names : NamesNapoléon BonaparteRegnal nameNapoleon I, House : Bonaparte, Father : Carlo Buonaparte, Mother : Letizia Ramolino, Signature : , "
Simón Bolívar,https://en.wikipedia.org/wiki/Sim%C3%B3n_Bol%C3%ADvar,"https://en.wikipedia.org/wiki/File:Sim%C3%B3n_Bol%C3%ADvar._Toro_Moreno,_Jos%C3%A9._1922,_Legislative_Palace,_La_Paz.png","Preceded by : Estanislao Vergara y Sanz de Santamaría, Succeeded by : Domingo Caycedo, Preceded by : Office established, Succeeded by : Antonio José de Sucre, Born : (1783-07-24)24 July 1783Caracas, Captaincy General of Venezuela, Spanish Empire, Died : 17 December 1830(1830-12-17) (aged 47)Santa Marta, Gran Colombia(now Colombia), Cause of death : Tuberculosis, Resting place : National Pantheon of Venezuela, Nationality : Spanish (until 1810)Venezuelan (1813–1819)Colombian (1819–1830), Spouse : 
María Teresa Rodríguez del Toro y Alaysa
​ ​(m. 1802; died 1803)​, Domestic partner : Manuela Sáenz, Signature : , "
Abraham Lincoln,https://en.wikipedia.org/wiki/Abraham_Lincoln,https://en.wikipedia.org/wiki/File:Abraham_Lincoln_O-77_matte_collodion_print.jpg,"Vice President : 
Hannibal Hamlin(1861–1865)
Andrew Johnson(March–April 1865)
, Preceded by : James Buchanan, Succeeded by : Andrew Johnson, Preceded by : John Henry, Succeeded by : Thomas L. Harris, Born : (1809-02-12)February 12, 1809Hodgenville, Kentucky, U.S., Died : April 15, 1865(1865-04-15) (aged 56)Washington, D.C., U.S., Manner of death : Assassination (gunshot wound to the head), Resting place : Lincoln Tomb, Political party : 
Republican (1856–1865)
Whig (before 1856)
, Other politicalaffiliations : National Union (1864–1865), Height : 6 ft 4 in (193 cm)[1], Spouse : 
Mary Todd ​(m. 1842)​, Children : RobertEdwardWillieTad, Parents : Thomas LincolnNancy Hanks, Relatives : Lincoln family, Occupation : Politicianlawyer, Signature : , Branch/service : Illinois Militia, Years of service : 1832, Rank : 
Captain[a]
Private[a]
, Battles/wars : 
American Indian Wars
Black Hawk War
Battle of Stillman's Run
Battle of Kellogg's Grove
, "
Mahatma Gandhi,https://en.wikipedia.org/wiki/Mahatma_Gandhi,"https://en.wikipedia.org/wiki/File:Mahatma-Gandhi,_studio,_1931.jpg","Born : Mohandas Karamchand Gandhi(1869-10-02)2 October 1869Porbandar, Porbandar State, Kathiawar Agency, British Raj, Died : 30 January 1948(1948-01-30) (aged 78)New Delhi, Dominion of India, Cause of death : Assassination (gunshot wounds), Monuments : Raj GhatGandhi Smriti, Citizenship : British Empire (1869–1947)Dominion of India (1947–1948), Alma mater : Alfred High School, Rajkot (1880 – November 1887)Samaldas Arts College, Bhavnagar (January 1888 – July 1888)Inner Temple, London (September 1888–1891)(Informal auditing student at University College London between 1888 and 1891), Occupations : Lawyeranti-colonialistpolitical ethicist, Years active : 1893–1948, Era : British Raj, Known for : Leadership of the campaign for India's independence from British ruleNonviolent resistance, Notable work : The Story of My Experiments with Truth, Political party : Indian National Congress (1920–1934)[1], Movement : Indian independence movement, Spouse : 
Kasturba Gandhi
​ ​(m. 1883; died 1944)​, Children : HarilalManilalRamdasDevdas, Parents : Karamchand Gandhi (father)Putlibai Gandhi (mother), Relatives : See Family of Mahatma GandhiC. Rajagopalachari (father-in-law of Gandhi's son Devdas), Awards : Time Person of the Year (1930)[2], Preceded by : Abul Kalam Azad, Succeeded by : Sarojini Naidu, Website : gandhi.gov.in, "
Joseph Stalin,https://en.wikipedia.org/wiki/Joseph_Stalin,https://en.wikipedia.org/wiki/File:Stalin_Full_Image.jpg,"Preceded by : Vyacheslav Molotov (as Responsible Secretary), Succeeded by : Georgy Malenkov (de facto)[b], Preceded by : Vyacheslav Molotov, Succeeded by : Himself (as Chairman of the Council of Ministers), President : 
Mikhail Kalinin
Nikolai Shvernik
, First deputies : 
Nikolai Voznesensky
Vyacheslav Molotov
Nikolai Bulganin
, Preceded by : Himself (as Chairman of the Council of People's Commissars), Succeeded by : Georgy Malenkov, Served alongside : 
11 others
Nikolai KutlerPavel MilyukovRodichevMaxim VinaverCherepanovEvdokimovMikhail KalininJózef UnszlichtGrigory ZinovievBoris KamkovShreider
, Preceded by : Constituency established, Succeeded by : Constituency abolished, Constituency : Petrograd Metropolis, Preceded by : Himself (as People's Commissar of Defense of the Soviet Union), Succeeded by : Nikolai Bulganin, Preceded by : Position established, Succeeded by : Position abolished, Preceded by : Semyon Timoshenko, Succeeded by : Himself (as People's Commissar of the Armed Forces of the Soviet Union), Born : Ioseb Besarionis dze Jughashvili[d]18 December [O.S. 6] 1878[e]Gori, Tiflis Governorate, Russian Empire (now Georgia), Died : 5 March 1953(1953-03-05) (aged 74)Moscow, Russian SFSR, Soviet Union, Resting place : 
Lenin's Mausoleum, Moscow (1953–1961)
Kremlin Wall Necropolis, Moscow (from 1961)
, Political party : 
RSDLP (1898–1903)
RSDLP (Bolsheviks) (1903–1918)
RCP (Bolsheviks) (1918–1925)
AUCP (Bolsheviks) (1925–1952)
CPSU (1952–1953)
, Spouses : 

Ekaterine Svanidze
​ ​(m. 1906; died 1907)​

Nadezhda Alliluyeva
​ ​(m. 1919; died 1932)​
, Children : 
Yakov Dzhugashvili
Vasily Stalin
Svetlana Alliluyeva
Artyom Sergeyev (adopted)
, Parents : 
Besarion Jughashvili
Ekaterine Geladze
, Education : Tbilisi Spiritual Seminary, Occupation : Politician, Signature : , Nickname : Koba, Allegiance : 
Russian Empire
Soviet Russia
Soviet Union
, Branch/service : 
Imperial Russian Army
Red Army
Soviet Armed Forces
, Years of service : 
1916–1917
1918–1921
1941–1953
, Rank : Marshal (1943)  Generalissimus (proposed), Commands : 
Southern Front (1918–1920) (commissar)
Southwestern Front (1920) (commissar)
Soviet Armed Forces (1941–1953) (Supreme Commander)
, Battles/wars : 
Russian Revolution
October Revolution
Russian Civil War
Battle of Tsaritsyn
Soviet-Georgian war
Polish–Soviet War
August uprising
Sino-Soviet War
Xinjiang Wars
Kumul Rebellion
Soviet invasion
Islamic Revolt
First Soviet-Japanese War
Winter War
World War II (Great Patriotic War)
Operation Barbarossa
Anglo-Soviet invasion of Iran
Battle of Moscow
Battle of Stalingrad
Continuation War
Berlin Offensive
Second Soviet-Japanese War
Iran Crisis
Xinjiang Wars
Ili Rebellion
Eastern European anti-Communist insurgencies
Korean War
, Awards : See list, "
Adolf Hitler,https://en.wikipedia.org/wiki/Adolf_Hitler,https://en.wikipedia.org/wiki/File:Hitler_portrait_crop.jpg,"Preceded by : Paul von Hindenburg (as President), Succeeded by : Karl Dönitz (as President), President : Paul von Hindenburg (1933–1934), Vice Chancellor : Franz von Papen (1933–1934), Preceded by : Kurt von Schleicher, Succeeded by : Joseph Goebbels, Deputy : Rudolf Hess (1933–1941), Preceded by : Anton Drexler (Party Chairman), Succeeded by : Martin Bormann (Party Minister), Preceded by : Walther von Brauchitsch, Succeeded by : Ferdinand Schörner, Preceded by : Franz von Papen (Reichskommissar), Succeeded by : Hermann Göring, Born : (1889-04-20)20 April 1889Braunau am Inn, Austria-Hungary (present-day Austria), Died : 30 April 1945(1945-04-30) (aged 56)Berlin, Nazi Germany, Cause of death : Suicide by gunshot, Citizenship : Austria (until 1925)Stateless (1925–1932)Germany (from 1932), Political party : Nazi (from 1921), Other politicalaffiliations : German Workers' Party (1919–1920), Spouse : 
Eva Braun ​(m. 1945)​, Parents : Alois HitlerKlara Pölzl, Cabinet : Hitler cabinet, Signature : , Allegiance : German EmpireWeimar Republic, Branch : 
Imperial German Army
Bavarian Army
Reichswehr
, Years of service : 1914–1920, Rank : Gefreiter, Unit : 16th Bavarian Reserve Regiment, Wars : 
World War I
Western Front
First Battle of Ypres
Battle of the Somme  (WIA)
Battle of Arras
Battle of Passchendaele
, Awards : Iron Cross First ClassIron Cross Second ClassWound Badge, "
Mao Zedong,https://en.wikipedia.org/wiki/Mao_Zedong,https://en.wikipedia.org/wiki/File:Mao_Zedong_in_1959_(cropped).jpg,"Deputy : Liu ShaoqiLin BiaoZhou EnlaiHua Guofeng, Preceded by : Zhang Wentian (as General Secretary), Succeeded by : Hua Guofeng, Premier : Zhou Enlai, Deputy : Zhu De, Succeeded by : Liu Shaoqi, Deputy : Zhu DeLin BiaoYe Jianying, Succeeded by : Hua Guofeng, Premier : Zhou Enlai, Born : (1893-12-26)26 December 1893Shaoshan, Hunan, China, Died : 9 September 1976(1976-09-09) (aged 82)Beijing, China, Resting place : Chairman Mao Memorial Hall, Beijing, Political party : Communist Party of China (1921–1976), Other politicalaffiliations : Kuomintang (1925–1926), Spouses : 
Luo Yixiu
​ ​(m. 1907; died 1910)​
Yang Kaihui
​ ​(m. 1920; died 1930)​
He Zizhen
​ ​(m. 1928; div. 1937)​
Jiang Qing ​(m. 1938)​, Children : 10, including:Mao AnyingMao AnqingMao AnlongYang YuehuaLi MinLi Na, Parents : Mao Yichang (father)Wen Qimei (mother), Alma mater : Hunan First Normal University, Signature : , Simplified Chinese : 毛泽东, Traditional Chinese : 毛澤東, Transcriptions : TranscriptionsStandard MandarinHanyu PinyinMáo ZédōngBopomofoㄇㄠˊ   ㄗㄜˊ   ㄉㄨㄥGwoyeu RomatzyhMau TzerdongWade–GilesMao² Tsê²-tung¹IPA[mǎʊ tsɤ̌.tʊ́ŋ] (listen)WuSuzhouneseMáu Zéh-tonHakkaRomanizationMô Chhe̍t-tûngYue: CantoneseYale RomanizationMòuh Jaahk-dūngJyutpingMou4 Zaak6-dung1IPA[mȍu tsàːk̚.tóŋ]Southern MinHokkien POJMô͘ Te̍k-tongTâi-lôMôo Ti̍k-tang, Hanyu Pinyin : Máo Zédōng, Bopomofo : ㄇㄠˊ   ㄗㄜˊ   ㄉㄨㄥ, Gwoyeu Romatzyh : Mau Tzerdong, Wade–Giles : Mao² Tsê²-tung¹, IPA : [mǎʊ tsɤ̌.tʊ́ŋ] (listen), Suzhounese : Máu Zéh-ton, Romanization : Mô Chhe̍t-tûng, Yale Romanization : Mòuh Jaahk-dūng, Jyutping : Mou4 Zaak6-dung1, IPA : [mȍu tsàːk̚.tóŋ], Hokkien POJ : Mô͘ Te̍k-tong, Tâi-lô : Môo Ti̍k-tang, Simplified Chinese : 润之, Traditional Chinese : 潤之, Transcriptions : TranscriptionsStandard MandarinHanyu PinyinRùnzhīWade–GilesJun4-chih1Yue: CantoneseJyutpingJeon6-zi1Southern MinHokkien POJLūn-chi, Hanyu Pinyin : Rùnzhī, Wade–Giles : Jun4-chih1, Jyutping : Jeon6-zi1, Hokkien POJ : Lūn-chi, "
Nelson Mandela,https://en.wikipedia.org/wiki/Nelson_Mandela,https://en.wikipedia.org/wiki/File:Nelson_Mandela_1994.jpg,"Deputy : 
Thabo Mbeki
F. W. de Klerk
, Preceded by : F. W. de Klerk (as State President), Succeeded by : Thabo Mbeki, Preceded by : Andrés Pastrana Arango, Succeeded by : Thabo Mbeki, Deputy : 
Walter Sisulu
Thabo Mbeki
, Preceded by : Oliver Tambo, Succeeded by : Thabo Mbeki, Preceded by : Oliver Tambo, Succeeded by : Walter Sisulu, Born : Rolihlahla Mandela(1918-07-18)18 July 1918Mvezo, Union of South Africa, Died : 5 December 2013(2013-12-05) (aged 95)Johannesburg, South Africa, Resting place : Mandela Graveyard, Qunu, Eastern Cape, Political party : African National Congress, Other politicalaffiliations : South African Communist Party, Spouses : 

Evelyn Ntoko Mase
​ ​(m. 1944; div. 1958)​

Winnie Madikizela
​ ​(m. 1958; div. 1996)​

Graça Machel ​(m. 1998)​
, Children : 7, including Makgatho, Makaziwe, Zenani, Zindziswa and Josina (step-daughter), Alma mater : 
University of Fort Hare
University of London
University of South Africa
University of the Witwatersrand
, Occupation : 
Activist
politician
philanthropist
lawyer
, Known for : Internal resistance to apartheid, Awards : 
Sakharov Prize (1988)
Bharat Ratna (1990)
Nishan-e-Pakistan (1992)
Nobel Peace Prize (1993)
Lenin Peace Prize (1990)
Presidential Medal of Freedom (2002)
(more...)
, Signature : , Website : Foundation, Nicknames : 
Madiba
Dalibunga
, Notable works : Long Walk to Freedom, "
Abraham,https://en.wikipedia.org/wiki/Abraham,https://en.wikipedia.org/wiki/File:Guercino_Abramo_ripudia_Agar_(cropped).jpg,"Title : Abraham, Born : Ur Kaśdim(present-day Basra, Iraq), Died : Hebron, Canaan(present-day West Bank), Spouse : SarahHagar (concubine from Egypt)Keturah (also concubine), Children : 
Oldest to youngest:
 Ishmael (son, with Hagar)
 Isaac (son, with Sarah)
 Zimran (son, with Keturah)
 Jokshan (son, with Keturah)
 Medan (son, with Keturah)
 Midian (son, with Keturah)
 Ishbak (son, with Keturah)
 Shuah (son, with Keturah)

, Parents : Terah (father)Amathlai, according to Talmud (mother), Known for : Namesake of the Abrahamic religions: traditional founder of the Jewish nation,[1][2] spiritual ancestor of Christians,[3] major Islamic prophet[4], Relatives : 
Closest to furthest:
 Haran (brother)
 Nahor (brother)
 Sarah (half-sister and wife)
 Jacob (grandson)
 Esau (grandson)
 Lot (nephew)
 Twelve Tribes of Israel (great-grandsons)
 Dinah (great-granddaughter)
    ... Abraham's family tree

, "
Moses,https://en.wikipedia.org/wiki/Moses,https://en.wikipedia.org/wiki/File:Guido_Reni_-_Moses_with_the_Tables_of_the_Law_-_WGA19289.jpg,"Born : Goshen, Lower Egypt, Ancient Egypt, Died : Mount Nebo, Moab, Transjordan, Nationality : EgyptianIsraelite, Spouse : Zipporah/Cushite woman [he][1], Children : 
Gershom
Eliezer
, Parents : 
Amram (father)
Jochebed (mother)
Pharaoh's daughter (adoptive mother)
, Known for : Prophet  Delivering the Ten Commandments to the Israelites, Relatives : 
Levi (great-grandfather)
Aaron (brother)
Miriam (sister)
, "
The Buddha,https://en.wikipedia.org/wiki/The_Buddha,https://en.wikipedia.org/wiki/File:Buddha_in_Sarnath_Museum_(Dhammajak_Mutra).jpg,"Born : Siddhartha Gautamac. 563 BCE or 480 BCELumbini, Shakya Republic (according to Buddhist tradition)[b], Died : c. 483 BCE or 400 BCE (aged 80)[1][2][3][c]Kushinagar, Malla republic (according to Buddhist tradition)[d], Resting place : Cremated; ashes divided among followers, Spouse : Yashodhara, Children : Rāhula, Parents : Śuddhodana (father)Maya Devi (mother), Known for : Founding Buddhism, Other names : Gautama Buddha  Shakyamuni (""Sage of the Shakyas""), Predecessor : Kassapa Buddha, Successor : Maitreya, Sanskrit : Siddhārtha Gautama, Pali : Siddhattha Gotama, "
Jesus,https://en.wikipedia.org/wiki/Jesus,https://en.wikipedia.org/wiki/File:Spas_vsederzhitel_sinay.jpg,"Born : c. 4 BC[a]Herodian Kingdom of Judea, Roman Empire[5], Died : AD 30 or 33 (aged 33–36)Jerusalem, Judaea, Roman Empire, Cause of death : Crucifixion[b], Known for : Central figure of Christianity, Parents : MaryJoseph[c], "
Paul the Apostle,https://en.wikipedia.org/wiki/Paul_the_Apostle,"https://en.wikipedia.org/wiki/File:Saint_Paul,_Rembrandt_van_Rijn_(and_Workshop%3F),_c._1657.jpg","Born : Saul of Tarsusc. 5 AD[1]Tarsus, Cilicia, Roman Empire (in present-day Turkey), Died : c. 64/65 AD[2][3]Rome, Italia, Roman Empire[2][4], Venerated in : All Christian denominations that venerate saints, Canonized : Pre-Congregation, Major shrine : Basilica of Saint Paul Outside the Walls, Rome, Italy, Feast : 
25 January – Feast of the Conversion of Saint Paul
10 February – Feast of Saint Paul's Shipwreck in Malta
29 June – Feast of Saints Peter and Paul (with Peter the Apostle)
30 June – Former solo feast day, still celebrated by some religious orders
18 November – Feast of the dedication of the basilicas of Saints Peter and Paul
Saturday before the sixth Sunday after Pentecost – Feast of the Twelve Apostles and Paul the thirteenth Apostle (Armenian Apostolic Church)[5]
, Attributes : Christian martyrdom, sword, book, Patronage : Missionaries, theologians, evangelists, and Gentile ChristiansTheology career, Education : School of Gamaliel[6], Occupation : Christian missionary, Notable work : Certain:Epistle to the RomansEpistle to the GalatiansFirst Epistle to the CorinthiansSecond Epistle to the CorinthiansFirst Epistle to the ThessaloniansEpistle to PhilemonEpistle to the PhilippiansDisputed:Second Epistle to the ThessaloniansEpistle to the ColossiansEpistle to the EphesiansFirst Epistle to TimothySecond Epistle to TimothyEpistle to Titus, Era : Apostolic Age, Language : Koine Greek, Tradition or movement : Pauline Christianity, Main interests : Torah, Christology, eschatology, soteriology, ecclesiology, Notable ideas : Pauline privilege, Law of Christ, Holy Spirit, unknown God, divinity of Jesus, thorn in the flesh, Pauline mysticism, biblical inspiration, supersessionism, non-circumcision, salvation, "
Muhammad,https://en.wikipedia.org/wiki/Muhammad,https://en.wikipedia.org/wiki/File:Dark_vignette_Al-Masjid_AL-Nabawi_Door800x600x300.jpg,"Born : c. 570 CE (53 BH)[1]Mecca, Hejaz, Arabia, Died : (632-06-08)8 June 632 (11 AH) (aged 61–62)Medina, Hejaz, Arabia, Resting place : Green Dome at al-Masjid an-Nabawi, Medina, Arabia24°28′03″N 39°36′41″E﻿ / ﻿24.46750°N 39.61139°E﻿ / 24.46750; 39.61139﻿ (Green Dome), Spouse : See Muhammad's wives, Children : See Muhammad's children, Parent(s) : Abdullah ibn Abd al-Muttalib (father)Amina bint Wahb (mother), Known for : Founding Islam, Other names : Rasūl Allāh (Messenger of God)(see Names and titles of Muhammad), Relatives : Family tree of Muhammad, Ahl al-Bayt  (""Family of the House""), Personal (Ism) : Muḥammad, Patronymic (Nasab) : Muḥammad ibn ʿAbd Allāh ibn ʿAbd al-Muṭṭālib ibn Hāshim ibn ʿAbd Manāf ibn Quṣayy ibn Kilāb, Teknonymic (Kunya) : ʾAbu al-Qāsim, Epithet (Laqab) : Khātam an-Nabiyyīn (Seal of the Prophets), "
Adi Shankara,https://en.wikipedia.org/wiki/Adi_Shankara,https://en.wikipedia.org/wiki/File:Raja_Ravi_Varma_-_Sankaracharya.jpg,"Born : Shankarac. 700 CE (disputed)[1]Kalady, Chera Kingdom (present-day Kochi in Kerala, India), Died : c. 750 CE (disputed)[1]Kedarnath, Gurjara-Pratihara Empire (present-day Uttarakhand, India), Religion : Hinduism, Known for : Expounded Advaita Vedanta, Philosophy : Advaita Vedanta, Guru : Govinda Bhagavatpada, Honors : Jagadguru, "
Martin Luther,https://en.wikipedia.org/wiki/Martin_Luther,"https://en.wikipedia.org/wiki/File:Lucas_Cranach_d.%C3%84._-_Martin_Luther,_1528_(Veste_Coburg).jpg","Born : 10 November 1483Eisleben, County of Mansfeld, Holy Roman Empire, Died : 18 February 1546(1546-02-18) (aged 62)Eisleben, County of Mansfeld, Holy Roman Empire, Education : University of ErfurtUniversity of Wittenberg, Occupations : PriestTheologianAuthorHymnwriter, Notable work : Ninety-five Theses (1517), Spouse : 
Katharina von Bora  ​(m. 1525)​, Children : Hans (Johannes)ElisabethMagdalenaMartinPaulMargarethe, Era : Renaissance, Tradition or movement : 
Reformation
Lutheranism
, Main interests : ProlegomenaSoteriology, Notable ideas : Law and GospelSola fideTheology of the CrossTwo kingdoms doctrine, "
Marco Polo,https://en.wikipedia.org/wiki/Marco_Polo,https://en.wikipedia.org/wiki/File:Marco_Polo_-_costume_tartare.jpg,"Born : 1254Venice, Republic of Venice, Died : 8 January 1324 (aged 69–70)Venice, Republic of Venice, Resting place : Church of San Lorenzo45°26′14″N 12°20′44″E﻿ / ﻿45.4373°N 12.3455°E﻿ / 45.4373; 12.3455, Occupation(s) : Merchant, explorer, writer, Known for : The Travels of Marco Polo, Spouse : 
Donata Badoer ​(m. 1300⁠–⁠1324)​, Children : 3, Parents : 
Niccolò Polo
Anna Defuseh
, "
Zheng He,https://en.wikipedia.org/wiki/Zheng_He,"https://en.wikipedia.org/wiki/File:2016_Malakka,_Stadhuys_(09).jpg","Born : Ma He1371[1]Kunming, Yunnan, Yuan (Prince of Liang), Died : 1433 (aged 61–62) or 1435 (aged 63–64), Other names : Ma He Ma Sanbao  Cheng Ho, Occupations : Admiral, diplomat, explorer, and palace eunuch, Era : Ming dynasty, "
Christopher Columbus,https://en.wikipedia.org/wiki/Christopher_Columbus,"https://en.wikipedia.org/wiki/File:Portrait_of_a_Man,_Said_to_be_Christopher_Columbus.jpg","Appointed by : Isabella I of Castile, Succeeded by : Francisco de Bobadilla, Born : Cristoforo ColomboBetween 25 August and 31 October 1451Genoa, Republic of Genoa, Died : (1506-05-20)20 May 1506 (aged 54)Valladolid, Castile, Resting place : Seville Cathedral, Seville, Spain, Spouse : 
Filipa Moniz Perestrelo
​ ​(m. 1479; died 1484)​, Domestic partner : Beatriz Enríquez de Arana, Children : DiegoFerdinand, Parents : Domenico Colombo (father)Susanna Fontanarossa (mother), Relatives : Bartholomew Columbus (brother), Occupation : Maritime explorer, Signature : , "
Vasco da Gama,https://en.wikipedia.org/wiki/Vasco_da_Gama,"https://en.wikipedia.org/wiki/File:Ignoto_portoghese,_ritratto_di_un_cavaliere_dell%27ordine_di_cristo,_1525-50_ca._02.jpg","Monarch : John III of Portugal, Preceded by : Duarte de Menezes, Succeeded by : Henrique de Menezes, Born : 1460 or 1469Sines, Alentejo, Kingdom of Portugal, Died : 24 December 1524(aged approximately 55–65)Cochin, Kingdom of Cochin, Resting place : Jerónimos Monastery, Lisbon, Portugal, Spouse : Catarina de Ataíde, Children : Francisco da Gama, 2nd Count of Vidigueira  Estêvão da Gama, Governor of India  Cristóvão da Gama, Captain of MalaccaAmong others, Parents : Estêvão da Gama (father)Isabel Sodré (mother), Occupation : Explorer, Viceroy of India, Signature : , "
Ferdinand Magellan,https://en.wikipedia.org/wiki/Ferdinand_Magellan,https://en.wikipedia.org/wiki/File:Ferdinand_Magellan.jpg,"Born : Fernão de Magalhães(1480-02-04)4 February 1480Sabrosa, Kingdom of Portugal, Died : 27 April 1521(1521-04-27) (aged 41)Chiefdom of Mactan(now Cebu, Philippines), Nationality : Portuguese (renounced in 1517)[1][2], Known for : 
The Magellan expedition
Finding the Strait of Magellan
First European Pacific Ocean crossing
, "
James Cook,https://en.wikipedia.org/wiki/James_Cook,https://en.wikipedia.org/wiki/File:Captainjamescookportrait.jpg,"Born : 7 November [O.S. 27 October] 1728Marton, Yorkshire, Died : 14 February 1779(1779-02-14) (aged 50)Kealakekua Bay, Nationality : British, Education : Postgate School, Great Ayton, Occupation(s) : Explorer, cartographer and naval officer, Spouse : 
Elizabeth Batts ​(m. 1762)​, Children : 6, Branch :  Royal Navy, Service years : 1755–1779, Rank : Captain (Post-captain), Battles/wars : 
Seven Years' War
Battle of the Plains of Abraham
, "
Roald Amundsen,https://en.wikipedia.org/wiki/Roald_Amundsen,https://en.wikipedia.org/wiki/File:Amundsen_in_fur_skins.jpg,"Born : Roald Engelbregt Gravning Amundsen(1872-07-16)16 July 1872[1]Borge, Østfold, Norway, Disappeared : 18 June 1928 (aged 55)Barents Sea, Occupation : Explorer, Known for : 
First to reach the South Pole and the North Pole
First to navigate the Northwest Passage
, Awards : 
Hubbard Medal (1907)
Order of Franz Joseph (1907)
Charles P. Daly Medal (1912)
Vega Medal (1913)
Congressional Gold Medal (1928)
, "
Confucius,https://en.wikipedia.org/wiki/Confucius,https://en.wikipedia.org/wiki/File:Confucius_Tang_Dynasty.jpg,"Born : Kǒng Qiūc. 551 BCEZou, State of Lu(modern-day Nanxin [zh], Qufu, Shandong, China), Died : c. 479 BCE (aged 71–72)Si River, State of Lu, Resting place : Cemetery of Confucius, State of Lu, Spouse : Lady Qiguan, Children : Kong Li (son)  Kong Jiao (daughter), Family : Shuliang He (father)  Yan Zhengzai (mother), Era : Hundred Schools of Thought(Ancient philosophy), Region : Chinese philosophy, School : Confucianism, Notable students : Yan Hui, ZengziDisciples of Confucius, Main interests : Ethics, education, music,[1] poetry,[2] political philosophy, Social philosophy, Notable ideas : Confucianism, Silver Rule, "
Laozi,https://en.wikipedia.org/wiki/Laozi,https://en.wikipedia.org/wiki/File:Zhang_Lu-Laozi_Riding_an_Ox.jpg,"Born : Trad. 6th century BCSometimes 4th century BCQuren Village, Chu (present-day Luyi, Henan), Died : Trad. 5th century BCor immortal, Notable work : Tao Te Ching, Treatise on the response of the Dao (allegedly), Era : Ancient philosophy, Region : Chinese philosophy, School : Taoism, Notable ideas : TaoWu wei, "
Herodotus,https://en.wikipedia.org/wiki/Herodotus,https://en.wikipedia.org/wiki/File:Marble_bust_of_Herodotos_MET_DT11742_(cropped).jpg,"Born : c. 484 BCHalicarnassus, Caria, Asia Minor, Persian Empire(modern-day Bodrum, Turkey), Died : c. 425 BC (aged approximately 60)Thurii, Calabria, or Pella, Macedon, Occupation : Historian, Notable work : Histories, Parents : Lyxes (father)Dryotus (mother), Relatives : Theodorus (brother)Panyassis (uncle or cousin), "
Socrates,https://en.wikipedia.org/wiki/Socrates,https://en.wikipedia.org/wiki/File:Socrate_du_Louvre.jpg,"Born : c. 470 BCDeme Alopece, Athens, Died : 399 BC (aged approximately 71)Athens, Cause of death : Execution by Forced suicide by poisoning, Spouse(s) : Xanthippe, Myrto, Children : Lamprocles, Menexenus, Sophroniscus, Family : Sophroniscus (father), Phaenarete (mother), Patrocles (half-brother), Era : Ancient Greek philosophy, Region : Western philosophy, School : Classical Greek philosophy, Notable students : PlatoXenophonAntisthenesAristippusAlcibiadesCritias, Main interests : Epistemology, ethics, teleology, Notable ideas : 
Social gadfly
Socratic dialogue
Socratic intellectualism
Socratic irony
Socratic method
Socratic paradox
Socratic questioning
""The unexamined life is not worth living""
, "
Plato,https://en.wikipedia.org/wiki/Plato,https://en.wikipedia.org/wiki/File:Plato_Silanion_Musei_Capitolini_MC1377.jpg,"Born : 428/427 or 424/423 BCAthens, Greece, Died : 348/347 BC (aged c. 80)Athens, Greece, Notable work : 
Euthyphro
Apology
Crito
Phaedo
Meno
Protagoras
Gorgias
Symposium
Phaedrus
Parmenides
Theaetetus
Republic
Timaeus
, Era : Ancient Greek philosophy, School : Platonic Academy, Notable students : Aristotle, Main interests : Epistemology, Metaphysics
Political philosophy, Notable ideas : Allegory of the Cave 
Cardinal virtues 
Form of the Good 
Theory of forms 
Divisions of the soul 
Platonic love 
Platonic solids 

Atlantis , "
Aristotle,https://en.wikipedia.org/wiki/Aristotle,https://en.wikipedia.org/wiki/File:Aristotle_Altemps_Inv8575.jpg,"Born : 384 BCStagira, Chalcidian League, Died : 322 BC (aged 61–62)Chalcis, Euboea, Macedonian Empire, Education : Platonic Academy, Notable work : 
Organon
Physics
Metaphysics
Nicomachean Ethics
Politics
Rhetoric
Poetics
, Era : Ancient Greek philosophy, Region : Western philosophy, School : 
Peripatetic school
, Notable students : Alexander the Great, Theophrastus, Aristoxenus, Main interests : 
Logic
Natural Philosophy
Metaphysics
Ethics
Politics
Rhetoric
Poetics
, Notable ideas : Aristotelianism

Theoretical philosophy
 Aristotelian logic, syllogism
 Four causes
 Genus and differentia
 Hylomorphism, substance, essence, accident
 Hypokeimenon
 Potentiality and actuality
 Theory of universals
 Unmoved mover



Natural philosophy
 Aristotelian biology
 Aristotelian physics
 Common sense
 Eternity of the world
 Five wits
 Horror vacui
 Theory of elements, aether
 Rational animal



Practical philosophy
 Aristotelian ethics
 Catharsis
 Deliberative, epideictic and forensic rhetoric
 Enthymeme and Paradeigma
 Family as a model for the state
 Golden mean
 Kyklos
 Magnanimity
 Mimesis
 Natural slavery
 Intellectual virtues: sophia, episteme, nous, phronesis, techne
 Three appeals: ethos, logos, pathos
 Views on women

, "
Cicero,https://en.wikipedia.org/wiki/Cicero,https://en.wikipedia.org/wiki/File:Bust_of_Cicero_(1st-cent._BC)_-_Palazzo_Nuovo_-_Musei_Capitolini_-_Rome_2016.jpg,"Born : 3 January 106 BCArpinum, Italy, Roman Republic, Died : 7 December 43 BC (aged 63)Formia, Italy, Roman Republic, Manner of death : Assassination (by order of Mark Antony), Spouses : Terentia (79–51 BC)Publilia (46–45 BC), Children : Tullia and Cicero Minor, Relatives : Quintus Tullius Cicero (brother), Occupation : Statesman, lawyer, writer, orator, Notable work : 
Orations
In VerremIn Catilinam I–IV


Philosophical works
AcademicaDe OratoreDe re publicaDe Natura DeorumDe OfficiisTusculanae QuaestionesDe DivinationeDe Fato
, Era : Hellenistic philosophy, Region : Western philosophy, School : Academic skepticism[1]Classical republicanismEclecticism, Main interests : Ethicsepistemologytheologypoliticslawrhetoric, Notable ideas : 
Exceptio probat regulam in casibus non exceptis
Humanitas
Inter arma enim silent leges
Non nobis solum
O tempora, o mores!
Salus populi suprema lex esto
Summum bonum
, "
Thomas Aquinas,https://en.wikipedia.org/wiki/Thomas_Aquinas,https://en.wikipedia.org/wiki/File:St-thomas-aquinas.jpg,
Ibn Khaldun,https://en.wikipedia.org/wiki/Ibn_Khaldun,"https://en.wikipedia.org/wiki/File:Bust_of_Ibn_Khaldun_(Casbah_of_Bejaia,_Algeria).jpg","Born : 27 May 1332Tunis, Hafsid Sultanate, Died : 17 March 1406 (1406-03-18) (aged 73)Cairo, Mamluk Sultanate, Religion : Islam, Denomination : Sunni[1], Jurisprudence : Maliki[2], Creed : Ash'ari[3][4], Main interest(s) : Historiographysociologyeconomicsdemographypolitical science, Notable idea(s) : 
Asabiyyah
Conquest theory of state formation
Cyclical theory of empires
Economic growth theory[5]
Supply and demand theory[6]
Supply-side economics
, "
Niccolò Machiavelli,https://en.wikipedia.org/wiki/Niccol%C3%B2_Machiavelli,https://en.wikipedia.org/wiki/File:Portrait_of_Niccol%C3%B2_Machiavelli.jpg,"Born : 3 May 1469Florence, Republic of Florence, Died : 21 June 1527(1527-06-21) (aged 58)Florence, Republic of Florence, Notable work : The PrinceDiscourses on Livy, Spouse : 
Marietta Corsini ​(m. 1502)​, Era : Renaissance philosophy, Region : Western philosophy, School : Classical realismRepublicanism, Main interests : Politics and political philosophy, military theory, history, Notable ideas : Classical realism, virtù, multitude, national interest, "
René Descartes,https://en.wikipedia.org/wiki/Ren%C3%A9_Descartes,https://en.wikipedia.org/wiki/File:Frans_Hals_-_Portret_van_Ren%C3%A9_Descartes.jpg,"Born : 31 March 1596 (1596-03-31)La Haye en Touraine, Touraine, Kingdom of France (now Descartes, Indre-et-Loire), Died : 11 February 1650 (1650-02-12) (aged 53)Stockholm, Swedish Empire, Education : 
Collège Royal Henry-Le-Grand (1607–1614)
University of Poitiers (LL.B., 1616)
University of Franeker (no degree)
Leiden University (no degree)
, Children : Francine Descartes, Era : 
17th-century philosophy
Age of Enlightenment
, Region : 
Western philosophy
Dutch philosophy
French philosophy
, School : 
Rationalism
Cartesianism
Mechanism
Innatism[2]: 257 
Foundationalism[3]
Conceptualism[4]: 43 
Augustinianism[5]
Indirect realism[6]: 136 
Correspondence theory of truth[7]
Corpuscularianism[8]
Theological voluntarism[note 2]
, Thesis : Untitled LL.B. thesis (1616), Main interests : Epistemology, metaphysics, mathematics, physics, cosmology, ethics, Notable ideas : 
See list

Cogito ergo sum
Method of doubt
Subjectivity
Method of normals
Analytic geometry
Cartesian coordinate system
Imaginary number
Mind–body problem
Cartesian dualism
Interactionism
Trialism
Cartesian circle
Foundationalism
Mathesis universalis
Folium of Descartes
Deus deceptor[9]
Dream argument
Conservation of momentum (quantitas motus)
Balloonist theory
Descartes' Rule of Signs
Wax argument
Trademark argument
Causal adequacy principle
Res cogitans/res extensa distinction
Conatus
, "
John Locke,https://en.wikipedia.org/wiki/John_Locke,https://en.wikipedia.org/wiki/File:John_Locke.jpg,"Born : John Locke(1632-08-29)29 August 1632Wrington, Somerset, England, Died : 28 October 1704(1704-10-28) (aged 72)High Laver, Essex, England, Nationality : English, Education : Christ Church, Oxford (BA, 1656; MA, 1658; MB, 1675), Era : Age of Enlightenment, Region : Western philosophy, School : 
Empiricism
Foundationalism[1]
Conceptualism[2]
Indirect realism[3]
Correspondence theory of truth[4]
Ideational theory of meaning[5]
Corpuscularianism[6]
Social contract
Natural law
Classical liberalism
, Institutions : University of Oxford[7]Royal Society, Main interests : Metaphysics, epistemology, political philosophy, philosophy of mind, philosophy of education, economics, Notable ideas : 
List
Consciousness
 Consent of the governed
 Inverted spectrum
 Labor theory of property
 Law of opinion
 Lockean proviso
 Molyneux's problem
 Argument from ignorance[8][9]
 Natural rights (rights of life, liberty and property)[10]
 Primary/secondary quality distinction
 Semeiotike (the doctrine of signs)
 Social contract
 Sortal
 State of nature
 Tabula rasa

, "
Adam Smith,https://en.wikipedia.org/wiki/Adam_Smith,https://en.wikipedia.org/wiki/File:Adam_Smith_The_Muir_portrait.jpg,"Born : c. 16 June [O.S. c. 5 June] 1723[1]Kirkcaldy, Fife, Scotland, Died : 17 July 1790(1790-07-17) (aged 67)Edinburgh, Scotland, Alma mater : 
University of Glasgow
Balliol College, Oxford
, Notable work : 
The Theory of Moral Sentiments (1759)
The Wealth of Nations
 (1776), Region : Western philosophy, School : Classical liberalism, Main interests : Political philosophy, ethics, economics, Notable ideas : Classical economicsFree marketEconomic liberalismDivision of labourAbsolute advantageInvisible hand, "
Immanuel Kant,https://en.wikipedia.org/wiki/Immanuel_Kant,https://en.wikipedia.org/wiki/File:Kant_gemaelde_3.jpg,"Born : (1724-04-22)22 April 1724Königsberg, Kingdom of Prussia(present-day Kaliningrad, Russia), Died : 12 February 1804(1804-02-12) (aged 79)Königsberg, East Prussia, Kingdom of Prussia, Education : Collegium FridericianumUniversity of Königsberg(BA; MA, April 1755; PhD, September 1755; PhD, August 1770), Era : Age of Enlightenment, Region : Western philosophy, School : 
Enlightenment philosophy
Kantianism


Other schools
 Classical liberalism
 Empirical realism
 German idealism
 Liberal naturalism
 Transcendental idealism

, Institutions : University of Königsberg, Theses : 
Principiorum primorum cognitionis metaphysicae nova dilucidatio (September 1755)
De mundi sensibilis atque intelligibilis forma et principiis (August 1770)
, Academic advisors : Martin Knutzen, Johann Gottfried Teske (M.A. advisor), Konrad Gottlieb Marquardt, Notable students : Jakob Sigismund Beck, Johann Gottlieb Fichte, Johann Gottfried Herder, Karl Leonhard Reinhold (epistolary correspondent), Main interests : Aesthetics, cosmogony, epistemology, ethics, metaphysics, systematic philosophy, Notable ideas : 
 
 Aesthetic–teleological judgments
 Analytic–synthetic distinction
 Categorical and hypothetical imperative
 Categories
 Critical philosophy
 Copernican revolution in philosophy
 Disinterested delight
 Empirical realism
 Kant's antinomies
 Kant's pitchfork
 Kantian ethics
 Kingdom of Ends
 Nebular hypothesis
 Transcendental schema
 Theoretical vs. practical philosophy
 Transcendental idealism
 Transcendental subject
 Understanding–reason distinction

, "
Mary Wollstonecraft,https://en.wikipedia.org/wiki/Mary_Wollstonecraft,https://en.wikipedia.org/wiki/File:Mary_Wollstonecraft_by_John_Opie_(c._1797).jpg,"Born : (1759-04-27)27 April 1759Spitalfields, London, England, Died : 10 September 1797(1797-09-10) (aged 38)Somers Town, London, England, Notable work : A Vindication of the Rights of Woman, Spouse : 
William Godwin ​(m. 1797)​, Partner : Henry FuseliGilbert Imlay, Children : Frances ""Fanny"" ImlayMary Shelley, "
Karl Marx,https://en.wikipedia.org/wiki/Karl_Marx,https://en.wikipedia.org/wiki/File:Karl_Marx_001.jpg,"Born : Karl Heinrich Marx(1818-05-05)5 May 1818Trier, Kingdom of Prussia, Died : 14 March 1883(1883-03-14) (aged 64)London, England, Burial place : Tomb of Karl Marx, Highgate Cemetery, Nationality : 
Prussian (1818–1845)
Stateless (after 1845)
, Education : 
University of Bonn
University of Berlin
University of Jena (PhD, 1841)[1]
, Spouse : 
Jenny von Westphalen
​ ​(m. 1843; died 1881)​, Children : At least 7,[2] including Jenny, Laura and Eleanor, Parents : Heinrich Marx (father)Henriette Pressburg (mother), Relatives : 
Louise Juta (sister)
Edgar Longuet (grandson)
Jean Longuet (grandson)
Henry Juta (nephew)
, Era : 19th-century philosophy, Region : Western philosophy, School : Continental philosophyMarxism, Thesis : The Difference Between the Democritean and Epicurean Philosophy of Nature (1841), Doctoral advisor : Bruno Bauer, Main interests : Philosophyeconomicshistorypolitics, Notable ideas : 
Marxist terminology
Value form
Contributions to dialectics and the marxian critique of political economy
Class conflict
Alienation and exploitation of the worker
Materialist conception of history
, "
Friedrich Nietzsche,https://en.wikipedia.org/wiki/Friedrich_Nietzsche,https://en.wikipedia.org/wiki/File:Nietzsche187a.jpg,"Born : Friedrich Wilhelm Nietzsche(1844-10-15)15 October 1844Röcken, Saxony, Prussia, German Confederation, Died : 25 August 1900(1900-08-25) (aged 55)Weimar, Saxe-Weimar-Eisenach, German Empire, Resting place : Röcken Churchyard, Alma mater : 
University of Bonn
Leipzig University
, Era : 19th-century philosophy, Region : Western philosophy, School : 
Continental philosophy
Nietzscheanism


Other schools
 Anti-foundationalism
 Anti-nihilism / nihilism (disputed)[1]
 Atheism
 Dionysianism[2]
 Dionysian pessimism[3]
 Existentialism
 German Romanticism (disputed)[4]
 Immoralism[5]
 Metaphysical voluntarism
 Naturalism[6]
 Perspectivism
 Philosophical realism[7][8]
 Political realism[9]

, Institutions : University of Basel, Main interests : Aestheticsphilologyethicsmetaphysicsontologyphilosophy of historypoetryreligiontragedytruth theoryvalue theory, Notable ideas : 
 
 Amor fati
 Apollonian and Dionysian
 Eternal return
 Fact–value distinction
 Genealogy
 God is dead
 Herd instinct
 Last man
 Master–slave morality
 Nietzschean affirmation
 Nihilism
 Perspectivism
 Ressentiment
 Transvaluation of values
 Tschandala
 Übermensch
 Will to power

, "
Sigmund Freud,https://en.wikipedia.org/wiki/Sigmund_Freud,"https://en.wikipedia.org/wiki/File:Sigmund_Freud,_by_Max_Halberstadt_(cropped).jpg","Born : Sigismund Schlomo Freud(1856-05-06)6 May 1856Freiberg in Mähren, Moravia, Austrian Empire (now Czech Republic), Died : 23 September 1939(1939-09-23) (aged 83)Hampstead, London, England, Alma mater : University of Vienna (MD, 1881), Known for : Psychoanalysis, including the theories of id, ego and super-ego, oedipus complex, repression, defense mechanism, Spouse : 
Martha Bernays ​(m. 1886)​, Children : Mathilde, Jean-Martin, Oliver, Ernst, Sophie, and Anna, Parents : Jacob Freud (father)Amalia Nathanson (mother), Awards : Goethe Prize (1930), Fields : Neurology, psychotherapy, psychoanalysis, Institutions : 
University of Vienna
International Psychoanalytical Association
, Academic advisors : 
Franz Brentano
Ernst Brücke
Carl Claus
, Influences : 
Brentano
Breuer
Charcot
Darwin
Dostoevsky
Empedocles
Fechner
Feuerbach
Fliess
Goethe
Hartmann
Herbart
Kierkegaard
Le Bon
Nietzsche
Plato
Sade
Schopenhauer
Shakespeare
Sophocles
, Influenced : 
List of psychoanalysts
List of psychoanalytical theorists
, "
Homer,https://en.wikipedia.org/wiki/Homer,https://en.wikipedia.org/wiki/File:Homer_British_Museum.jpg,"Native name : Ὅμηρος, Born : c. 8th century BC, Died : Ios[1], Language : Homeric Greek, Genre : Epic, Subject : Epic Cycle, Notable works : IliadOdyssey, "
Virgil,https://en.wikipedia.org/wiki/Virgil,https://en.wikipedia.org/wiki/File:Parco_della_Grotta_di_Posillipo5_(crop).jpg,"Born : Publius Vergilius Maro15 October 70 BCNear Mantua, Cisalpine Gaul, Roman Republic, Died : 21 September 19 BC (age 50)Brundisium, Italy, Roman Empire, Occupation : Poet, Nationality : Roman, Genre : Epic poetry, didactic poetry, pastoral poetry, Literary movement : Augustan poetry, "
Li Bai,https://en.wikipedia.org/wiki/Li_Bai,https://en.wikipedia.org/wiki/File:LiBai.jpg,"Native name : 李白, Born : 701Rencheng, Shandong, Tang dynasty (now Rencheng, Jinan, Shandong, China)[1]or Suiye, Tang China (now Chuy Region, Kyrgyzstan), Died : 762 (60–61)Dangtu, Tang dynasty (now Ma'anshan, Anhui, China), Occupation : Poet, Nationality : Chinese, Literary movement : Tang poetry, Chinese : 李白, Transcriptions : TranscriptionsStandard MandarinHanyu PinyinLǐ Bái (col.)Lǐ Bó (lit.)Wade–GilesLi3 Pai2 (col.)Li3 Po2 (lit.)IPA[lì pǎɪ] (col.)[lì pwǒ]  (lit.)WuShanghaineseRomanizationLij BaqYue: CantoneseYale RomanizationLéih BaahkJyutpingLei5 Baak6IPA[le̬i pàːk̚]Southern MinHokkien POJLí Pe̍kMiddle ChineseMiddle ChineseLjɨ Bɐk, or Lǐ Bhæk, Hanyu Pinyin : Lǐ Bái (col.)Lǐ Bó (lit.), Wade–Giles : Li3 Pai2 (col.)Li3 Po2 (lit.), IPA : [lì pǎɪ] (col.)[lì pwǒ]  (lit.), ShanghaineseRomanization : Lij Baq, Yale Romanization : Léih Baahk, Jyutping : Lei5 Baak6, IPA : [le̬i pàːk̚], Hokkien POJ : Lí Pe̍k, Middle Chinese : Ljɨ Bɐk, or Lǐ Bhæk, Chinese : 太白, Transcriptions : TranscriptionsStandard MandarinHanyu PinyinTaìbaí, Hanyu Pinyin : Taìbaí, Traditional Chinese : 青蓮居士, Simplified Chinese : 青莲居士, Literal meaning : Lotus Householder, Transcriptions : TranscriptionsStandard MandarinHanyu PinyinQīnglián Jūshì, Hanyu Pinyin : Qīnglián Jūshì, Vietnamese : Lý Bạch, Hangul : 이백, Hanja : 李白, Transcriptions : TranscriptionsRevised RomanizationYi BaekMcCune–ReischauerI P'aek, Revised Romanization : Yi Baek, McCune–Reischauer : I P'aek, Kanji : 李白, Hiragana : りはく, Transcriptions : TranscriptionsRomanizationRi Haku, Romanization : Ri Haku, "
Murasaki Shikibu,https://en.wikipedia.org/wiki/Murasaki_Shikibu,,
Rumi,https://en.wikipedia.org/wiki/Rumi,https://en.wikipedia.org/wiki/File:%D9%85%D9%88%D9%84%D8%A7%D9%86%D8%A7_%D8%A7%D8%AB%D8%B1_%D8%AD%D8%B3%DB%8C%D9%86_%D8%A8%D9%87%D8%B2%D8%A7%D8%AF_(cropped).jpg,"Title : Mevlânâ, Mawlānā,[1] Mevlevî, Mawlawī, Born : 30 September 1207Vakhsh (present-day Tajikistan),[2][3] Khwarezmian Empire, Died : 17 December 1273 (aged 66)Konya (present-day Turkey), Sultanate of Rum, Resting place : Tomb of Mevlana Rumi, Mevlana Museum, Konya, Turkey, Religion : Islam, Children : Sultan Walad, Era : Islamic Golden Age  (7th Islamic century), Region : Khwarezmian Empire (Balkh: 1207–1212, 1213–1217; Samarkand: 1212–1213)[4][5]Sultanate of Rum (Malatya: 1217–1219; Akşehir: 1219–1222; Larende: 1222–1228; Konya: 1228–1273)[4], Denomination : Sunni[6], Jurisprudence : Hanafi, Creed : Maturidi[7][8], Main interest(s) : Sufi poetry, Hanafi jurisprudence, Maturidi theology, Notable idea(s) : Sufi whirling, Muraqaba, Notable work(s) : Mathnawī-ī ma'nawī, Dīwān-ī Shams-ī Tabrīzī, Fīhi mā fīhi, Tariqa : Mevlevi, "
Dante Alighieri,https://en.wikipedia.org/wiki/Dante_Alighieri,https://en.wikipedia.org/wiki/File:Portrait_de_Dante.jpg,"Born : c. 1265Florence, Republic of Florence, Died : (1321-09-14)14 September 1321(aged c. 56)Ravenna, Papal States, Resting place : Tomb of Dante, Occupation : Statesman, poet, language theorist, political theorist, Language : ItalianTuscanLatin, Nationality : Florentine, Period : Late Middle Ages, Literary movement : Dolce Stil Novo, Notable works : Divine Comedy, Spouse : Gemma Donati, Children : 4, including Jacopo Alighieri, Parents : Alighiero di Bellincione (father)  Bella (mother), "
Miguel de Cervantes,https://en.wikipedia.org/wiki/Miguel_de_Cervantes,https://en.wikipedia.org/wiki/File:Juan_de_Jauregui_-_Retrato_de_Miguel_de_Cervantes.jpg,"Born : 29 September 1547 (assumed)Alcalá de Henares, Crown of Castile, Died : 22 April 1616(1616-04-22) (aged 68)[3]Madrid, Crown of Castile, Resting place : Convent of the Barefoot Trinitarians, Madrid, Occupation : Soldier, tax collector, accountant, purchasing agent for Navy(writing was an avocation which did not produce much income), Language : Spanish, Literary movement : Renaissance literature, Mannerism, Notable works : Don QuixoteEntremesesNovelas ejemplares, Spouse : Catalina de Salazar y Palacios, Children : Isabel c. 1584 (illegitimate) [4], "
William Shakespeare,https://en.wikipedia.org/wiki/William_Shakespeare,https://en.wikipedia.org/wiki/File:Shakespeare.jpg,"Born : Stratford-upon-Avon, England, Baptised : 26 April 1564, Died : 23 April 1616 (aged 52)Stratford-upon-Avon, England, Resting place : Church of the Holy Trinity, Stratford-upon-Avon, Occupations : Playwrightpoetactor, Years active : c. 1585–1613, Era : ElizabethanJacobean, Movement : English Renaissance, Spouse : 
Anne Hathaway ​(m. 1582)​, Children : Susanna HallHamnet ShakespeareJudith Quiney, Parents : John Shakespeare (father)Mary Arden (mother), "
Voltaire,https://en.wikipedia.org/wiki/Voltaire,"https://en.wikipedia.org/wiki/File:Atelier_de_Nicolas_de_Largilli%C3%A8re,_portrait_de_Voltaire,_d%C3%A9tail_(mus%C3%A9e_Carnavalet)_-002.jpg","Born : François-Marie Arouet(1694-11-21)21 November 1694Paris, Kingdom of France, Died : 30 May 1778(1778-05-30) (aged 83)Paris, Kingdom of France, Resting place : Panthéon, Paris, France, Occupation : Writer, philosopher, historian, Language : French, Education : Collège Louis-le-Grand, Period : 18th century, Genres : Fiction (novellashort storytragedypoetry)Non-fiction (polemictreatiseessayarticlehistoriographyliterary criticismepistlecorrespondence), Subjects : Religious intolerance, freedom, Literary movement : Classicism, Years active : from 1715, Notable works : CandideThe Maid of OrleansThe Age of Louis XIV, Partner : Émilie du Châtelet (1733–1749),Marie Louise Mignot (1744–1778), Era : Age of Enlightenment, Region : Western philosophyFrench philosophy, School : LumièresPhilosophesDeismClassical liberalism, Main interests : Political philosophy, literature, historiography, biblical criticism, Notable ideas : Philosophy of history,[1] freedom of religion, freedom of speech, separation of church and state, "
Leo Tolstoy,https://en.wikipedia.org/wiki/Leo_Tolstoy,https://en.wikipedia.org/wiki/File:L.N.Tolstoy_Prokudin-Gorsky.jpg,"Native name : Лев Николаевич Толстой, Born : (1828-09-09)9 September 1828Yasnaya Polyana, Krapivensky Uyezd, Tula Governorate, Russian Empire, Died : 20 November 1910(1910-11-20) (aged 82)Astapovo, Ranenburgsky Uyezd, Ryazan Governorate, Russian Empire, Resting place : Yasnaya Polyana, Tula, Occupation : Writer, religious thinker, Language : Russian, Alma mater : Imperial Kazan University (not graduated), Period : Modern, Genres : Novelnovellashort storysketchplaychildren's literaturesongpolemicessaytreatiseepistleliterary and art criticismtextbookautobiographydiarytranslationcorrespondence, Subjects : Christian anarchism, pacifism, Literary movement : Realism, Years active : 1847–1910, Notable works : War and PeaceAnna KareninaThe Death of Ivan IlyichThe Kingdom of God Is Within YouResurrection, Notable awards : Griboyedov Prize (1892), Spouse : 
Sophia Behrs ​(m. 1862)​, Children : 13, Parents : Nikolay Tolstoy (father)Mariya Tolstaya (mother), "
Rabindranath Tagore,https://en.wikipedia.org/wiki/Rabindranath_Tagore,https://en.wikipedia.org/wiki/File:Rabindranath_Tagore_unknown_location.jpg,"Born : Rabindranath Thakur(1861-05-07)7 May 1861Calcutta, Bengal Presidency, British India(present-day Kolkata, West Bengal, India), Died : 7 August 1941(1941-08-07) (aged 80)Calcutta, Bengal Presidency, British India(present-day Kolkata, West Bengal, India), Pen name : Bhanusimha, Occupation : Poetnovelistdramatistessayiststory-writercomposerpainterphilosophersocial reformereducationistlinguistgrammarian, Language : Bengali, Period : Bengali Renaissance, Literary movement : Contextual Modernism, Notable works : GitanjaliGhare-BaireBharoto Bhagyo BidhataGoraJana Gana ManaRabindra SangeetAmar Shonar Bangla(other works), Notable awards : Nobel Prize in Literature  1913                  , Spouse : 
Mrinalini Devi
​ ​(m. 1883; d. 1902)​, Children : 5, including Rathindranath Tagore, Relatives : Tagore family, "
Leonardo da Vinci,https://en.wikipedia.org/wiki/Leonardo_da_Vinci,https://en.wikipedia.org/wiki/File:Francesco_Melzi_-_Portrait_of_Leonardo.png,"Born : Leonardo di ser Piero da Vinci(1452-04-15)15 April 1452(possibly Anchiano),[a] Vinci, Republic of Florence, Died : 2 May 1519(1519-05-02) (aged 67)Clos Lucé, Amboise, Kingdom of France, Education : Studio of Andrea del Verrocchio, Known for : Paintingdrawingengineeringanatomical studieshydrologybotanyopticsgeology, Notable work : 
Virgin of the Rocks (c. 1483–1493)
Lady with an Ermine (c. 1489–1491)
The Vitruvian Man (c. 1490)
The Last Supper (c. 1495–1498)
Mona Lisa (c. 1503–1516)
, Movement : High Renaissance, Family : Da Vinci family, "
Michelangelo,https://en.wikipedia.org/wiki/Michelangelo,https://en.wikipedia.org/wiki/File:Michelangelo_Daniele_da_Volterra_(dettaglio).jpg,"Born : Michelangelo di Lodovico Buonarroti Simoni6 March 1475Caprese, Republic of Florence, Died : 18 February 1564(1564-02-18) (aged 88)Rome, Papal States, Known for : Sculpturepaintingarchitecturepoetry, Notable work : Pietà (1498–1499)David (1501–1504)Sistine Chapel ceiling (1508–1512)Moses (1513–1515)The Last Judgment (1536–1541), Movement : High Renaissance, Mannerism, "
Rembrandt,https://en.wikipedia.org/wiki/Rembrandt,https://en.wikipedia.org/wiki/File:Rembrandt_van_Rijn_-_Self-Portrait_-_Google_Art_Project.jpg,"Born : Rembrandt Harmenszoon van Rijn(1606-07-15)15 July 1606[1]Leiden, Dutch Republic, Died : 4 October 1669(1669-10-04) (aged 63)Amsterdam, Dutch Republic, Education : Jacob van Swanenburg  Pieter Lastman, Known for : Painting, printmaking, drawing, Notable work : Self-portraitsThe Anatomy Lesson of Dr. Nicolaes Tulp (1632)Belshazzar's Feast (1635)The Night Watch (1642)Bathsheba at Her Bath (1654)Syndics of the Drapers' Guild (1662)The Hundred Guilder Print (etching, c. 1647–1649), Movement : Dutch Golden AgeBaroque, "
Hokusai,https://en.wikipedia.org/wiki/Hokusai,https://en.wikipedia.org/wiki/File:Hokusai_as_an_old_man.jpg,"Born : Tokitarō時太郎supposedly (1760-10-31)31 October 1760Edo, Japan, Died : 10 May 1849(1849-05-10) (aged 88)Edo, Japan, Known for : Ukiyo-e painting, manga and woodblock printing, Notable work : The Great Wave off Kanagawa  Fine Wind, Clear Morning, "
Pablo Picasso,https://en.wikipedia.org/wiki/Pablo_Picasso,"https://en.wikipedia.org/wiki/File:Portrait_de_Picasso,_1908.jpg","Born : Pablo Diego José Francisco de Paula Juan Nepomuceno María de los Remedios Cipriano de la Santísima Trinidad Ruiz y Picasso[1](1881-10-25)25 October 1881Málaga, Kingdom of Spain, Died : 8 April 1973(1973-04-08) (aged 91)Mougins, France, Resting place : Château of Vauvenargues43°33′15″N 5°36′16″E﻿ / ﻿43.554142°N 5.604438°E﻿ / 43.554142; 5.604438, Education : 
José Ruiz y Blasco (father)
Real Academia de Bellas Artes de San Fernando
, Known for : Painting, drawing, sculpture, printmaking, ceramics, stage design, writing, Notable work : 
La Vie (1903)
Family of Saltimbanques (1905)
Les Demoiselles d'Avignon (1907)
Portrait of Daniel-Henry Kahnweiler (1910)
Girl before a Mirror (1932)
Le Rêve (1932)
Guernica (1937)
The Weeping Woman (1937)
Massacre in Korea (1951)
, Movement : Cubism, Surrealism, Spouses : 

Olga Khokhlova
​ ​(m. 1918; died 1955)​

Jacqueline Roque ​(m. 1961)​
, Partners : 
Fernande Olivier (1905-1912)
Eva Gouel (1912-1915)
Marie-Thérèse Walter (1927–1935)
Dora Maar (1935–1943)
Françoise Gilot (1943–1953)
, Children : 
Paulo Picasso
Maya Widmaier-Picasso
Claude Picasso
Paloma Picasso
, Family : 
Marina Picasso (granddaughter)
Bernard Ruiz-Picasso (grandson)
, Patron(s) : 
Gertrude Stein
Sergei Shchukin
, "
Frida Kahlo,https://en.wikipedia.org/wiki/Frida_Kahlo,"https://en.wikipedia.org/wiki/File:Frida_Kahlo,_by_Guillermo_Kahlo.jpg","Born : Magdalena Carmen Frida Kahlo y Calderón(1907-07-06)6 July 1907Coyoacán, Mexico City, Mexico, Died : 13 July 1954(1954-07-13) (aged 47)Coyoacán, Mexico City, Mexico, Other names : Magdalena Carmen Frieda Kahlo y Calderón, Frieda Kahlo, Education : Self-taught, Known for : Painting, Works : Henry Ford Hospital (1932)Memory, the Heart (1937)What the Water Gave Me (1938)The Two Fridas (1939)Self-Portrait with Thorn Necklace and Hummingbird (1940)The Broken Column (1944), Movement : SurrealismMagic realismNaïve, Spouses : 

Diego Rivera
​ ​(m. 1929; div. 1939)​

​
 ​(m. 1940)​
, Parents : Guillermo Kahlo (father)Matilde Calderón y González (mother), Relatives : Cristina Kahlo (sister), "
Johann Sebastian Bach,https://en.wikipedia.org/wiki/Johann_Sebastian_Bach,https://en.wikipedia.org/wiki/File:Johann_Sebastian_Bach.jpg,"Born : 21 March 1685 (O.S.)31 March 1685 (1685-03-31) (N.S.)Eisenach, Died : 28 July 1750(1750-07-28) (aged 65)Leipzig, Works : List of compositions, "
Wolfgang Amadeus Mozart,https://en.wikipedia.org/wiki/Wolfgang_Amadeus_Mozart,https://en.wikipedia.org/wiki/File:Croce-Mozart-Detail.jpg,"Born : (1756-01-27)27 January 1756Getreidegasse 9, Salzburg, Died : 5 December 1791(1791-12-05) (aged 35)Vienna, Works : List of compositions, Spouse : Constanze Mozart, Parent(s) : Leopold MozartAnna Maria Mozart, Relatives : Mozart family, "
Ludwig van Beethoven,https://en.wikipedia.org/wiki/Ludwig_van_Beethoven,https://en.wikipedia.org/wiki/File:Beethoven.jpg,"Born : Bonn, Baptised : 17 December 1770, Died : 26 March 1827(1827-03-26) (aged 56)Vienna, Occupations : Composerpianist, Works : List of compositions, Parent(s) : Johann van BeethovenMaria Magdalena Keverich, "
Louis Armstrong,https://en.wikipedia.org/wiki/Louis_Armstrong,https://en.wikipedia.org/wiki/File:Louis_Armstrong_restored.jpg,"Born : Louis Daniel Armstrong[1](1901-08-04)August 4, 1901New Orleans, Louisiana, U.S., Died : July 6, 1971(1971-07-06) (aged 69)New York City, U.S., Burial place : Flushing Cemetery, Other names : ""Satchmo""""Satch""""Pops""""Louie"", Education : Colored Waif's Home for Boys, Fisk School for Boys, Occupations : Musiciansinger, Spouses : 

Daisy Parker
​ ​(m. 1919; div. 1923)​

Lil Hardin Armstrong
​ ​(m. 1924; div. 1938)​

Alpha Smith
​ ​(m. 1938; div. 1942)​

Lucille Wilson ​(m. 1942)​
, Children : 1, Genres : Dixielandjazzswingtraditional pop, Instrument(s) : Vocalstrumpet, Years active : 1919–1971, "
The Beatles,https://en.wikipedia.org/wiki/The_Beatles,https://en.wikipedia.org/wiki/File:The_Fabs.JPG,"Origin : Liverpool, England, Genres : Rockpopbeatpsychedelia, Years active : 1960–1970, Labels : ParlophoneAppleCapitol, Spinoffs : Plastic Ono Band, Spinoff of : The Quarrymen, Past members : 
John Lennon
Paul McCartney
George Harrison
Ringo Starr
(see Personnel section for others)
, Website : thebeatles.com, "
Michael Jackson,https://en.wikipedia.org/wiki/Michael_Jackson,https://en.wikipedia.org/wiki/File:Michael_Jackson_in_1988.jpg,"Born : Michael Joseph Jackson(1958-08-29)August 29, 1958Gary, Indiana, US, Died : June 25, 2009(2009-06-25) (aged 50)Los Angeles, California, US, Cause of death : Acute propofol intoxication, Burial place : Forest Lawn Memorial Park, Glendale, California, US, Other names : Michael Joe Jackson, Occupations : Singersongwriterdancerrecord producer, Spouses : 
Lisa Marie Presley
​ ​(m. 1994; div. 1996)​
Debbie Rowe
​ ​(m. 1996; div. 2000)​, Children : 3, including Paris, Parents : Joe JacksonKatherine Jackson, Family : Jackson, Awards : Full list, Genres : Popsoulfunkrhythm and bluesrockdiscopost-discodance-popnew jack swing, Instrument(s) : Vocals, Years active : 1964–2009, Labels : SteeltownMotownEpicLegacySonyMJJ Productions, Formerly of : The Jackson 5, Website : michaeljackson.com, "
Hippocrates,https://en.wikipedia.org/wiki/Hippocrates,https://en.wikipedia.org/wiki/File:Hippocrates.jpg,"Born : c. 460 BCKos, Ancient Greece, Died : c. 370 BC(aged approximately 90)Larissa, Ancient Greece, Occupation : Physician, Era : Classical Greece, "
Avicenna,https://en.wikipedia.org/wiki/Avicenna,https://en.wikipedia.org/wiki/File:1950_%22Avicenna%22_stamp_of_Iran.jpg,"Born : 980Afshana, Transoxiana, Samanid Empire, Died : 22 June 1037(1037-06-22) (aged 56–57)[1]Hamadan, Kakuyid dynasty, Monuments : Avicenna Mausoleum, Other names : Sharaf al-Mulk (شرف الملك)Hujjat al-Haq (حجة الحق)al-Sheikh al-Ra'is (الشيخ الرئيس)Ibn-Sino (Abu Ali Abdulloh Ibn-Sino)Bu Alī Sīnā (بو علی سینا), Notable work : 
The Book of Healing
The Canon of Medicine
, Era : Islamic Golden Age, Region : Middle Eastern philosophy
Persian philosophy
, School : Aristotelianism, Avicennism, Main interests : 
MedicineAromatherapy
Philosophy and logic
Kalām (Islamic theology)
SciencePoetry
, "
Shen Kuo,https://en.wikipedia.org/wiki/Shen_Kuo,https://en.wikipedia.org/wiki/File:Beijing_Ancient_Observatory_20090715-19_(cropped).jpg,"Born : 1031Qiantang, Song Empire, Died : 1095 (aged 63–64)Runzhou, Song Empire, Known for : Geomorphology, Climate change, Atmospheric refraction, True north, Retrogradation, Camera obscura, Raised-relief map, fixing the position of the pole star, correcting lunar and solar errors, Fields : Agronomy, Astronomy, Archaeology, Anatomy, Antiquarianism, Mathematics, Pharmacology, Medical science, Entomology, Mineralogy, Music, Geomorphology, Sedimentology, Optical engineering, Soil science, Encyclopedism, Geomagnetics, Optics, Hydraulics, Hydraulic engineering, Mechanical engineering, Metallurgy, Metaphysics, Meteorology, Climatology, Cartography, Botany, Zoology, Economics, Finance, Military strategy, Ethnography, Divination, Art criticism, Philosophy, Poetry, Politics, Public Administration, Institutions : Hanlin Academy, "
Johannes Gutenberg,https://en.wikipedia.org/wiki/Johannes_Gutenberg,https://en.wikipedia.org/wiki/File:Gutenberg.jpg,"Born : Johannes Gensfleisch zur Laden zum Gutenbergc. 1393–1406Mainz, Died : 3 February 1468Mainz, Occupations : Inventorcraftsman, Known for : Introduced the movable-type printing press to Europe, "
Nicolaus Copernicus,https://en.wikipedia.org/wiki/Nicolaus_Copernicus,https://en.wikipedia.org/wiki/File:Nikolaus_Kopernikus.jpg,"Born : 19 February 1473Thorn, Royal Prussia, Poland, Died : 24 May 1543 (aged 70)Frauenburg, Royal Prussia, Poland, Education : University of Kraków (1491–1495)University of Bologna (1496–1500)University of Padua (1501–1503)University of Ferrara (DCanL, 1503), Known for : HeliocentrismQuantity theory of moneyGresham–Copernicus law, Fields : AstronomyCanon lawEconomicsMathematicsMedicinePolitics, Academic advisors : Domenico Maria Novara da Ferrara, Influences : AristotleAverroesEuclidHaly AbenragelRegiomontanus, Influenced : Johannes Kepler, "
Galileo Galilei,https://en.wikipedia.org/wiki/Galileo_Galilei,"https://en.wikipedia.org/wiki/File:Justus_Sustermans_-_Portrait_of_Galileo_Galilei,_1636.jpg","Born : Galileo di Vincenzo Bonaiuti de' Galilei[1](1564-02-15)15 February 1564[2]Pisa, Duchy of Florence, Died : 8 January 1642(1642-01-08) (aged 77)Arcetri, Grand Duchy of Tuscany, Education : University of Pisa, Known for : Analytical dynamicsheliocentrismkinematicsobservational astronomy, Fields : Astronomyphysicsengineeringnatural philosophymathematics, Institutions : University of PisaUniversity of Padua, Patrons : 
Cosimo II de Medici
Federico Cesi
Ferdinando II de Medici
Fra Paolo Sarpi
Francesco Maria del Monte
, Academic advisors : Ostilio Ricci da Fermo, Notable students : Benedetto CastelliMario GuiducciVincenzo Viviani, Influences : 
John Philoponus[3]
Nicolaus Copernicus
, "
Isaac Newton,https://en.wikipedia.org/wiki/Isaac_Newton,"https://en.wikipedia.org/wiki/File:Portrait_of_Sir_Isaac_Newton,_1689.jpg","Born : (1643-01-04)4 January 1643 [O.S. 25 December 1642][a]Woolsthorpe-by-Colsterworth, Lincolnshire, England, Died : 31 March 1727(1727-03-31) (aged 84) [O.S. 20 March 1726][a]Kensington, Middlesex, Great Britain, Resting place : Westminster Abbey, Education : Trinity College, Cambridge (M.A., 1668)[1], Known for : 
List
Newtonian mechanics universal gravitation calculus Newton's laws of motion optics binomial series Principia Newton's method  Newton's law of cooling Newton's identities Newton's metal Newton line Newton–Gauss line Newtonian fluid Newton's ringsStanding on the shoulders of giants List of all other works and concepts
, Awards : FRS (1672)[2]Knight Bachelor (1705), Fields : Physicsnatural philosophyalchemytheologymathematicsastronomyeconomics, Institutions : University of CambridgeRoyal SocietyRoyal Mint, Academic advisors : Isaac Barrow[3]Benjamin Pulleyn[4][5], Notable students : Roger CotesWilliam Whiston, Influences : 
Aristotle
Boyle[6]
Descartes
Galileo
Huygens[7][8]
Kepler
Locke[9][10]
Maimonides[11]
Street[12]
, Influenced : 
List


In the natural sciences and mathematics


Boole
Einstein
Euler
Clairaut
Châtelet
's Gravesande
Gregory
Hamilton
Jurin
Laplace
Maxwell
Maclaurin
Routh
Smith
Newtonianism




In the humanities


Bentley
Berkeley
Diderot
Godwin
Hartley
Hume
Jefferson
Kant
Keynes
Locke[9][10]
Saint-Simon[13]
Verri[14]
Voltaire[15]
Enlightenment philosophy in general




, Preceded by : Robert Brady, Succeeded by : Edward Finch, Preceded by : Anthony Hammond, Succeeded by : Arthur Annesley, 5th Earl of Anglesey, Preceded by : John Somers, Succeeded by : Hans Sloane, 1696–1699 : Warden of the Mint, Preceded by : Thomas Neale, Succeeded by : John Conduitt, Preceded by : Isaac Barrow, Succeeded by : William Whiston, Political party : Whig, "
Carl Linnaeus,https://en.wikipedia.org/wiki/Carl_Linnaeus,"https://en.wikipedia.org/wiki/File:Carl_von_Linn%C3%A9,_1707-1778,_botanist,_professor_(Alexander_Roslin)_-_Nationalmuseum_-_15723.tif","Born : (1707-05-23)23 May 1707[note 1]Råshult, Stenbrohult parish (now within Älmhult Municipality), Sweden, Died : 10 January 1778(1778-01-10) (aged 70)Hammarby (estate), Danmark parish (outside Uppsala), Sweden, Resting place : Uppsala Cathedral59°51′29″N 17°38′00″E﻿ / ﻿59.85806°N 17.63333°E﻿ / 59.85806; 17.63333, Nationality : Swedish, Alma mater : 
Lund University
Uppsala University
University of Harderwijk
, Known for : 
Binomial nomenclature
Taxonomy
, Spouse : 
Sara Elisabeth Moræa
​ ​(m. 1739)​, Children : 7, Fields : 
Biology
Botany
Zoology
, Institutions : Uppsala University, Thesis : Dissertatio medica inauguralis in qua exhibetur hypothesis nova de febrium intermittentium causa (1735), Notable students : 
Peter Ascanius
Johann Friedrich Gmelin
, Author abbrev. (botany) : L., Author abbrev. (zoology) : Linn., "
Antoine Lavoisier,https://en.wikipedia.org/wiki/Antoine_Lavoisier,https://en.wikipedia.org/wiki/File:David_-_Portrait_of_Monsieur_Lavoisier_(cropped).jpg,
Michael Faraday,https://en.wikipedia.org/wiki/Michael_Faraday,https://en.wikipedia.org/wiki/File:Michael_Faraday._Photograph_by_Maull_%26_Polyblank._Wellcome_V0026348.jpg,"Born : 22 September 1791Newington Butts, Surrey, England, Died : 25 August 1867(1867-08-25) (aged 75)Hampton Court, Middlesex, England, Known for : Faraday's law of inductionFaraday balanceFaraday cageFaraday constantFaraday cupFaraday effectFaraday's laws of electrolysisFaraday's ice pail experimentFaraday paradoxFaraday paradox (electrochemistry)Faraday rotatorFaraday-efficiency effectFaraday waveFaraday wheelAdsorption refrigerationColloidal goldHomopolar motorLines of forceMagnetic separationMHD converterPremeltingRegelationRubber BalloonDiscovery of benzene, Spouse : 
Sarah Barnard ​(m. 1821)​, Awards : Royal Medal (1835 and 1846)Copley Medal (1832 and 1838)Rumford Medal (1846)Albert Medal (1866), Fields : PhysicsChemistry, Institutions : Royal Institution, Influences : Humphry DavyWilliam Thomas Brande, Influenced : James Clerk Maxwell, "
Charles Darwin,https://en.wikipedia.org/wiki/Charles_Darwin,https://en.wikipedia.org/wiki/File:Charles_Darwin_seated_crop.jpg,"Born : Charles Robert Darwin(1809-02-12)12 February 1809Shrewsbury, England, Died : 19 April 1882(1882-04-19) (aged 73)Down, Kent, England, Resting place : Westminster Abbey, Alma mater : University of Edinburgh Medical School (no degree)
Christ's College, Cambridge (BA, 1831; MA, 1836)[2], Known for : 
The Voyage of the Beagle
On the Origin of Species
The Descent of Man
, Spouse : 
Emma Wedgwood ​(m. 1839)​, Children : 10, Awards : 
FRS (1839)[3]
Royal Medal (1853)[4]
Wollaston Medal (1859)[4]
Copley Medal (1864)[4]
Baly Medal (1879)[4]
Pour le Mérite, Prussia (1867)[4]
Doctor of Laws (Honorary), Cambridge (1877)[5]
, Fields : Natural history, geology, Institutions : Professional institution:
Geological Society of London
, Academic advisors : 
John Stevens Henslow
Adam Sedgwick
, Influences : LyellHumboldtHerschelMalthus, Influenced : HookerHuxleySpencerHaeckel, Author abbrev. (botany) : Darwin, Author abbrev. (zoology) : Darwin, "
Florence Nightingale,https://en.wikipedia.org/wiki/Florence_Nightingale,https://en.wikipedia.org/wiki/File:Florence_Nightingale_(H_Hering_NPG_x82368).jpg,"Born : (1820-05-12)12 May 1820Florence, Grand Duchy of Tuscany, Died : 13 August 1910(1910-08-13) (aged 90)Mayfair, London, England, Nationality : British, Known for : Pioneering modern nursingPolar area diagram, Awards : Royal Red Cross (1883)Lady of Grace of the Order of St John (LGStJ) (1904)Order of Merit (1907), Fields : Hospital hygiene and sanitation, statistics, Institutions : Selimiye Barracks, ScutariSt Thomas' Hospital[1], "
Louis Pasteur,https://en.wikipedia.org/wiki/Louis_Pasteur,"https://en.wikipedia.org/wiki/File:Louis_Pasteur,_foto_av_Paul_Nadar,_Crisco_edit.jpg","Born : (1822-12-27)27 December 1822Dole, France, Died : 28 September 1895(1895-09-28) (aged 72)Marnes-la-Coquette, France, Education : Mathematics,[1] Docteur ès Sciences (Chemical Physics)[2], Alma mater : École Normale SupérieureUniversity of Paris, Known for : Germ theory of diseaseRabies vaccineCholera vaccine[3]Anthrax vaccinesPasteurization, Spouse : 
Marie Laurent ​(m. 1849)​, Children : 5, Awards : 
Legion of Honor Grand Cross (1881)
Rumford Medal (1856)
Foreign Member of the Royal Society (1869)[4]
Copley Medal (1874)
Albert Medal (1882)
Foreign Associate of the National Academy of Sciences (1883)
Cameron Prize for Therapeutics of the University of Edinburgh (1889)
Leeuwenhoek Medal (1895)
Order of the Medjidie[5]
, Fields : 
Biology
Microbiology
Chemistry
Mathematics
Physics
, Institutions : 
University of Strasbourg
University of Lille
École Normale Supérieure
Pasteur Institute
, Notable students : Charles Friedel[6], "
James Clerk Maxwell,https://en.wikipedia.org/wiki/James_Clerk_Maxwell,https://en.wikipedia.org/wiki/File:James-Clerk-Maxwell-1831-1879.jpg,"Born : (1831-06-13)13 June 1831Edinburgh, Scotland, Died : 5 November 1879(1879-11-05) (aged 48)Cambridge, England, Resting place : Parton, Kirkcudbrightshire55°00′24″N 4°02′21″W﻿ / ﻿55.006693°N 4.039210°W﻿ / 55.006693; -4.039210, Alma mater : University of EdinburghUniversity of Cambridge, Known for : Statistical mechanicsMaxwell's equationsDisplacement currentMaxwell relationsMaxwell–Betti theoremMaxwell–Boltzmann distributionMaxwell–Boltzmann statisticsMaxwell–Stefan diffusionMaxwell's demonMaxwell constructionMaxwell couplingMaxwell's discsMaxwell speed distributionMaxwell stress functionsMaxwell's theoremMaxwell's theorem (geometry)Maxwell materialMaxwell–Huber–Hencky–von Mises theoryMaxwell–Wagner–Sillars polarizationMaxwell bridgeMaxwell coilMaxwell's fish-eye lensMaxwell's spotMaxwell's wheelMaxwell's thermodynamic surfaceControl theoryCoherent system of unitsGeneralized conicSingularityStructural rigidity, Spouse : 
Katherine Clerk Maxwell
​ ​(m. 1858)​, Awards : FRSEFRSSmith's Prize (1854)Adams Prize (1857)Rumford Medal (1860)Keith Prize (1869–1871), Fields : Physics and mathematics, Institutions : Marischal College, University of AberdeenKing's College, LondonUniversity of Cambridge, Academic advisors : William Hopkins, Notable students : George ChrystalHorace LambJohn Henry Poynting, Influences : Sir Isaac Newton, Michael Faraday, Thomas Young, Influenced : Virtually all subsequent physics, "
Dmitri Mendeleev,https://en.wikipedia.org/wiki/Dmitri_Mendeleev,https://en.wikipedia.org/wiki/File:DIMendeleevCab.jpg,"Born : Dmitri Ivanovich Mendeleev(1834-02-08)8 February 1834Verkhnie Aremzyani, Tobolsk Governorate, Russian Empire, Died : 2 February 1907(1907-02-02) (aged 72)Saint Petersburg, Russian Empire, Alma mater : Saint Petersburg University, Known for : Formulating the periodic table of chemical elements, Spouses : 

Feozva Nikitichna Leshcheva
​ ​(m. 1862; div. 1882)​

Anna Ivanovna Popova
​ ​(m. 1882)​
, Awards : 
Davy Medal (1882)
Faraday Lectureship Prize (1889)
ForMemRS (1892)[1]
, Fields : Chemistryphysics, Academic advisors : Gustav Kirchhoff, "
Thomas Edison,https://en.wikipedia.org/wiki/Thomas_Edison,https://en.wikipedia.org/wiki/File:Thomas_Edison2.jpg,"Born : Thomas Alva Edison(1847-02-11)February 11, 1847Milan, Ohio, U.S., Died : October 18, 1931(1931-10-18) (aged 84)West Orange, New Jersey, U.S., Burial place : Thomas Edison National Historical Park, Education : Self-educated; some coursework at Cooper Union, Occupations : Inventorbusinessman, Years active : 1877–1930, Known for : 
List
Edison effectEdison light bulbEdison screwEdison's Phonograph DollElectric penEdisonian approachEdison–Lalande cellAcoustic telegraphyCarbon microphoneEtheric forceFluoroscopyElectric power distributionGrasshopper telegraphyKinetoscopeNickel–iron batteryPhonographPhonomotorQuadruplex telegraphTasimeterWar of the currentsFounder of General Electric
, Spouses : 
Mary Stilwell
​ ​(m. 1871; died 1884)​
Mina Miller ​(m. 1886)​, Children : 6, including Madeleine, Charles, and Theodore, Relatives : Lewis Miller (father-in-law), Awards : Matteucci Medal (1887)John Scott Medal (1889)Edward Longstreth Medal (1899)John Fritz Medal (1908)Franklin Medal (1915)Navy Distinguished Service Medal (1920)Congressional Gold Medal (1928), "
Nikola Tesla,https://en.wikipedia.org/wiki/Nikola_Tesla,https://en.wikipedia.org/wiki/File:Tesla_circa_1890.jpeg,"Born : (1856-07-10)10 July 1856Smiljan, Austrian Empire (modern-day Croatia), Died : 7 January 1943(1943-01-07) (aged 86)New York City, U.S., Resting place : Nikola Tesla Museum, Belgrade, Serbia44°48′18″N 20°28′15″E﻿ / ﻿44.8051°N 20.4707°E﻿ / 44.8051; 20.4707, Citizenship : 
Austrian Empire (1856–1891)
United States (1891–1943)
, Education : Graz University of Technology (dropped out), Discipline : 
Electrical engineering
Mechanical engineering
, Projects : 
Alternating current
High-voltage, high-frequency power experiments
, Significant design : 
See list

AC motor
Carbon button lamp
Death ray
Induction motor
Plasma globe
Plasma lamp
Polyphase system
Radio control
Resonant inductive coupling
Rotating magnetic field
Teleforce
Telegeodynamics
Teleoperation
Tesla coil
Tesla Experimental Station
Tesla's oscillator
Tesla turbine
Tesla valve
Torpedo[1]
Vacuum variable capacitor
Violet ray
VTOL
Wardenclyffe Tower
Wireless power transfer
World Wireless System


, Awards : 
See list

Order of St. Sava, II Class, Government of Serbia (1892)
Elliott Cresson Medal (1894)
Order of Prince Danilo I (1895)
Edison Medal (1916)
Order of St. Sava, I Class, Government of Yugoslavia (1926)
Order of the Yugoslav Crown (1931)
John Scott Medal (1934)
Order of the White Eagle, I Class, Government of Yugoslavia (1936)
Order of the White Lion, I Class, Government of Czechoslovakia (1937)
University of Paris Medal (1937)
The Medal of the University St Clement of Ochrida, Sofia, Bulgaria (1939)


, "
Marie Curie,https://en.wikipedia.org/wiki/Marie_Curie,https://en.wikipedia.org/wiki/File:Marie_Curie_c._1920s.jpg,"Born : Maria Salomea Skłodowska(1867-11-07)7 November 1867Warsaw, Congress Poland, Russian Empire[1], Died : 4 July 1934(1934-07-04) (aged 66)Passy, Haute-Savoie, France, Cause of death : Aplastic anemia[2], Citizenship : Poland (by birth)France (by marriage), Alma mater : University of ParisESPCI[3], Known for : Pioneering research on radioactivityDiscovering polonium and radium, Spouse : 
Pierre Curie
​ ​(m. 1895; died 1906)​, Children : IrèneÈve, Awards : Nobel Prize in Physics (1903)Davy Medal (1903)Matteucci Medal (1904)Actonian Prize (1907)Elliott Cresson Medal (1909)Albert Medal (1910)Nobel Prize in Chemistry (1911)Willard Gibbs Award (1921)Cameron Prize for Therapeutics of the University of Edinburgh (1931), Fields : Physicschemistry, Institutions : 
University of Paris
Institut du Radium
École Normale Supérieure
French Academy of Medicine
International Committee on Intellectual Cooperation
, Thesis : Recherches sur les substances radioactives (Research on Radioactive Substances) (1903), Doctoral advisor : Gabriel Lippmann, Doctoral students : André-Louis DebierneLadislas GoldsteinÉmile HenriotIrène Joliot-CurieÓscar MorenoMarguerite PereyFrancis Perrin, "
Albert Einstein,https://en.wikipedia.org/wiki/Albert_Einstein,https://en.wikipedia.org/wiki/File:Einstein_1921_by_F_Schmutzer_-_restoration.jpg,"Born : (1879-03-14)14 March 1879Ulm,  Kingdom of Württemberg, German Empire, Died : 18 April 1955(1955-04-18) (aged 76)Princeton, New Jersey, US, Citizenship : 
Full list

Kingdom of Württemberg, part of the German Empire (until 1896)[note 1]
Stateless (1896–1901)
Switzerland (1901–1955)
Austria, part of the Austro-Hungarian Empire (1911–1912)
Kingdom of Prussia, part of the German Empire (1914–1918)[note 1]
Free State of Prussia (Weimar Republic, 1918–1933)
United States (from 1940)


, Education : 
Federal polytechnic school in Zurich (Federal teaching diploma, 1900)
University of Zurich (PhD, 1905)
, Known for : 
General relativity
Special relativity
Photoelectric effect
E=mc2 (mass–energy equivalence)
E=hf (Planck–Einstein relation)
Theory of Brownian motion
Einstein field equations
Bose–Einstein statistics
Bose–Einstein condensate
Gravitational wave
Cosmological constant
Unified field theory
EPR paradox
Ensemble interpretation
List of other concepts
, Spouses : 

Mileva Marić
​ ​(m. 1903; div. 1919)​

Elsa Löwenthal
​ ​(m. 1919; died 1936)​
, Children : 
Lieserl
Hans Albert
Eduard ""Tete""
, Awards : 
Barnard Medal (1920)
Nobel Prize in Physics (1921)
Matteucci Medal (1921)
ForMemRS (1921)[1]
Copley Medal (1925)[1]
Gold Medal of the Royal Astronomical Society (1926)[2]
Max Planck Medal (1929)
Member of the National Academy of Sciences (1942)[3]
Time Person of the Century (1999)
, Fields : Physics, philosophy, Institutions : 
Swiss Patent Office (Bern) (1902–1909)
University of Bern (1908–1909)
University of Zurich (1909–1911)
Charles University in Prague (1911–1912)
ETH Zurich (1912–1914)
Prussian Academy of Sciences (1914–1933)
Humboldt University of Berlin (1914–1933)
Kaiser Wilhelm Institute (director, 1917–1933)
German Physical Society (president, 1916–1918)
Leiden University (visits, 1920)
Institute for Advanced Study, Princeton University (1933–1955)
California Institute of Technology (visits, 1931–1933)
University of Oxford (visits, 1931–1933)
Brandeis University (director, 1946–1947)
, Thesis : Eine neue Bestimmung der Moleküldimensionen (A New Determination of Molecular Dimensions) (1905), Doctoral advisor : Alfred Kleiner, Other academic advisors : Heinrich Friedrich Weber, Influences : 
Hendrik Lorentz
Hermann Minkowski
, Influenced : 
Virtually all modern physicists
, "
Archimedes,https://en.wikipedia.org/wiki/Archimedes,https://en.wikipedia.org/wiki/File:Domenico-Fetti_Archimedes_1620.jpg,"Born : c. 287 BCSyracuse, Sicily, Died : c. 212 BC (aged approximately 75)Syracuse, Sicily, Known for : 
List
Archimedes' principleArchimedes' screwCenter of gravityStaticsHydrostaticsLaw of the leverIndivisiblesNeuseis constructions[1]List of other things named after him
, Fields : MathematicsPhysicsAstronomyMechanicsEngineering, Influences : Eudoxus, Influenced : Apollonius[2] HeroPappusEutocius, "
Euclid,https://en.wikipedia.org/wiki/Euclid,https://en.wikipedia.org/wiki/File:Jusepe_de_Ribera_-_Euclid_-_2001.26_-_J._Paul_Getty_Museum.jpg,"Known for : The ElementsOpticsData

Various concepts

Euclidean geometry
Euclidean algorithm
Euclid's theorem
Euclidean relation
Euclid's formula
Numerous other namesakes

, Fields : Mathematics, Influences : Eudoxus, Hippocrates of Chios, Thales and Theaetetus, Influenced : Virtually all subsequent geometry of the Western world and Middle East[2], "
Muhammad ibn Musa al-Khwarizmi,https://en.wikipedia.org/wiki/Muhammad_ibn_Musa_al-Khwarizmi,https://en.wikipedia.org/wiki/File:1983_CPA_5426_(1).png,
Leonhard Euler,https://en.wikipedia.org/wiki/Leonhard_Euler,https://en.wikipedia.org/wiki/File:Leonhard_Euler_-_edit1.jpg,"Born : (1707-04-15)15 April 1707Basel, Swiss Confederacy, Died : 18 September 1783(1783-09-18) (aged 76) [OS: 7 September 1783]Saint Petersburg, Russian Empire, Alma mater : University of Basel (MPhil), Known for : Contributionsnamesakes, Spouse : 
Katharina Gsell
​ ​(m. 1734; died 1773)​
Salome Abigail Gsell
​ ​(m. 1776)​, Fields : Mathematics and physics, Institutions : Imperial Russian Academy of SciencesBerlin Academy, Thesis : Dissertatio physica de sono (Physical dissertation on sound) (1726), Doctoral advisor : Johann Bernoulli, Doctoral students : Johann Hennert, Other notable students : Nicolas FussStepan RumovskyJoseph-Louis Lagrange (epistolary correspondent)Anders Johan Lexell, "
Carl Friedrich Gauss,https://en.wikipedia.org/wiki/Carl_Friedrich_Gauss,https://en.wikipedia.org/wiki/File:Carl_Friedrich_Gauss_1840_by_Jensen.jpg,"Born : Johann Carl Friedrich Gauss(1777-04-30)30 April 1777Brunswick, Principality of Brunswick-Wolfenbüttel, Holy Roman Empire, Died : 23 February 1855(1855-02-23) (aged 77)Göttingen, Kingdom of Hanover, German Confederation, Alma mater : 
Collegium Carolinum
University of Göttingen
University of Helmstedt (PhD)
, Known for : Full list, Spouses : 

Johanna Osthoff
​ ​(m. 1805; died 1809)​

Minna Waldeck
​ ​(m. 1810; died 1831)​
, Children : 6, Awards : 
Lalande Prize (1809)
Copley Medal (1838)
, Fields : Mathematics and sciences, Institutions : University of Göttingen, Thesis : Demonstratio nova... (1799), Doctoral advisor : Johann Friedrich Pfaff, Doctoral students : 
 
 Richard Dedekind
 Christian Ludwig Gerling
 Wilhelm Klinkerfues
 Johann Benedict Listing
 Bernhard Riemann
 Karl von Staudt

, Other notable students : 
 
 Gotthold Eisenstein
 Johann Franz Encke
 Carl Wolfgang Benjamin Goldschmidt
 Adolph Theodor Kupffer
 August Ferdinand Möbius
 Moritz Stern
 Georg Frederik Ursin
 Moritz Ludwig Wichmann

, "
Emmy Noether,https://en.wikipedia.org/wiki/Emmy_Noether,https://en.wikipedia.org/wiki/File:Noether.jpg,"Born : Amalie Emmy Noether(1882-03-23)23 March 1882Erlangen, Bavaria, German Empire, Died : 14 April 1935(1935-04-14) (aged 53)Bryn Mawr, Pennsylvania, United States, Nationality : German, Alma mater : University of Erlangen, Known for : Abstract algebraTheoretical physicsNoether's theoremNoetherian ringLasker–Noether theorem, Awards : Ackermann–Teubner Memorial Award (1932), Fields : Mathematics and physics, Institutions : University of GöttingenBryn Mawr College, Thesis : On Complete Systems of Invariants for Ternary Biquadratic Forms (1907), Doctoral advisor : Paul Gordan, Doctoral students : 
Max Deuring
Hans Fitting
Grete Hermann
Chiungtze C. Tsen
Jacob Levitzki
Otto Schilling
Ernst Witt
, "
Kurt Gödel,https://en.wikipedia.org/wiki/Kurt_G%C3%B6del,https://en.wikipedia.org/wiki/File:Kurt_g%C3%B6del.jpg,"Born : Kurt Friedrich Gödel(1906-04-28)April 28, 1906Brünn, Austria-Hungary (now Brno, Czech Republic), Died : January 14, 1978(1978-01-14) (aged 71)Princeton, New Jersey, U.S., Citizenship : AustriaCzechoslovakiaGermanyUnited States, Alma mater : University of Vienna (PhD, 1930), Known for : 
 
 Gödel's incompleteness theorems
 Gödel's completeness theorem
 Gödel's constructible universe
 Gödel metric (closed timelike curve)
 Gödel logic
 Gödel–Dummett logic
 Gödel's β function
 Gödel numbering
 Gödel operation
 Gödel's speed-up theorem
 Gödel's ontological proof
 Gödel–Gentzen translation
 Gödel–McKinsey–Tarski translation
 Von Neumann–Bernays–Gödel set theory
 ω-consistent theory
 The consistency of the continuum hypothesis with ZFC
 Axiom of constructibility
 Compactness theorem
 Condensation lemma
 Diagonal lemma
 Dialectica interpretation
 Ordinal definable set
 Slingshot argument

, Spouse : 
Adele Nimbursky ​(m. 1938)​, Awards : 
Albert Einstein Award (1951)
ForMemRS (1968)[1]
National Medal of Science (1974)
, Fields : Mathematics, mathematical logic, analytic philosophy, physics, Institutions : Institute for Advanced Study, Thesis : Über die Vollständigkeit des Logikkalküls (1929), Doctoral advisor : Hans Hahn, Influences : LeibnizKantHusserlPlato, "
Alan Turing,https://en.wikipedia.org/wiki/Alan_Turing,https://en.wikipedia.org/wiki/File:Alan_Turing_Aged_16.jpg,"Born : (1912-06-23)23 June 1912Maida Vale, London, England, Died : 7 June 1954(1954-06-07) (aged 41)Wilmslow, Cheshire, England, Cause of death : Cyanide poisoning[note 1], Education : Sherborne School, Alma mater : 
University of Cambridge  (BA, MA)
Princeton University (PhD)
, Known for : 
Cryptanalysis of the Enigma
Turing's proof
Turing machine
Turing test
Unorganised machine
Turing pattern
Turing reduction
""The Chemical Basis of Morphogenesis""
, Partner : Joan Clarke (engaged in 1941; did not marry), Awards : Smith's Prize (1936), Fields : 
Logic
Mathematics
Cryptanalysis
Computer science
Mathematical and theoretical biology[1]
, Institutions : 
University of Manchester
Government Code and Cypher School
National Physical Laboratory
, Thesis : Systems of Logic Based on Ordinals (1938), Doctoral advisor : Alonzo Church[2], Doctoral students : 
Robin Gandy,[2][3]
Beatrice Worsley[4]
, Influences : Max Newman[5], "
Charlie Chaplin,https://en.wikipedia.org/wiki/Charlie_Chaplin,https://en.wikipedia.org/wiki/File:Charlie_Chaplin_portrait.jpg,"Born : Charles Spencer Chaplin(1889-04-16)16 April 1889London, England, Died : 25 December 1977(1977-12-25) (aged 88)Corsier-sur-Vevey, Switzerland, Burial place : Cimetière de Corsier-sur-Vevey, Corsier-sur-Vevey, Switzerland, Occupations : Actorcomediandirectorcomposerscreenwriterproducereditor, Years active : 1899–1975, Works : Full list, Spouses : 
Mildred Harris
​ ​(m. 1918; div. 1920)​
Lita Grey
​ ​(m. 1924; div. 1927)​
Paulette Goddard
​ ​(m. 1936; div. 1942)​
Oona O'Neill ​(m. 1943)​, Children : 11, including Charles, Sydney, Geraldine, Michael, Josephine, Victoria, Eugene and Christopher, Parent(s) : Charles Chaplin Sr.Hannah Hill, Relatives : Chaplin family, Website : charliechaplin.com, "
Walt Disney,https://en.wikipedia.org/wiki/Walt_Disney,https://en.wikipedia.org/wiki/File:Walt_Disney_1946.JPG,"Born : Walter Elias Disney(1901-12-05)December 5, 1901Chicago, Illinois, U.S., Died : December 15, 1966(1966-12-15) (aged 65)Burbank, California, U.S., Resting place : Forest Lawn Memorial Park, Glendale, California, Occupations : 
Animator
film producer
voice actor
entrepreneur
, Title : President of The Walt Disney Company[1], Spouse : 
Lillian Disney ​(m. 1925)​, Children : 2, including Diane Disney Miller, Relatives : Disney family, Awards : 
26 Academy Awards(22 competitive, 4 honorary)
3 Golden Globe Awards
1 Emmy Award
, "
Henry Ford,https://en.wikipedia.org/wiki/Henry_Ford,https://en.wikipedia.org/wiki/File:Henry_ford_1919.jpg,"Born : (1863-07-30)July 30, 1863Springwells Township, Michigan, U.S., Died : April 7, 1947(1947-04-07) (aged 83)Dearborn, Michigan, U.S., Resting place : St. Martha's Episcopal Church Cemetery, Detroit, Michigan, Occupations : Engineerindustrialistphilanthropist, Years active : 1891–1945, Known for : Founding and leading the Ford Motor CompanyPioneering a system that launched the mass production and sale of affordable automotives to the public, Title : President of Ford Motor Company (1906–1919, 1943–1945), Political party : 
Republican (before 1918)
Democratic (after 1918)
, Spouse : 
Clara Jane Bryant ​(m. 1888)​, Children : Edsel, "
